country_region_code,country_region,sub_region_1,sub_region_2,metro_area,iso_3166_2_code,census_fips_code,place_id,date,retail_and_recreation_percent_change_from_baseline,grocery_and_pharmacy_percent_change_from_baseline,parks_percent_change_from_baseline,transit_stations_percent_change_from_baseline,workplaces_percent_change_from_baseline,residential_percent_change_from_baseline,new_cases,new_deaths,
AE,United Arab Emirates,,,,,,ChIJvRKrsd9IXj4RpwoIwFYv0zM,2/15/2020,0,4,5,0,2,1,0,0,
AE,United Arab Emirates,,,,,,ChIJvRKrsd9IXj4RpwoIwFYv0zM,2/16/2020,1,4,4,1,2,1,1,0,2107
AE,United Arab Emirates,,,,,,ChIJvRKrsd9IXj4RpwoIwFYv0zM,2/17/2020,-1,1,5,1,2,1,0,0,2107
AE,United Arab Emirates,,,,,,ChIJvRKrsd9IXj4RpwoIwFYv0zM,2/18/2020,-2,1,5,0,2,1,0,0,1651
AE,United Arab Emirates,,,,,,ChIJvRKrsd9IXj4RpwoIwFYv0zM,2/19/2020,-2,0,4,-1,2,1,0,0,1651
AE,United Arab Emirates,,,,,,ChIJvRKrsd9IXj4RpwoIwFYv0zM,2/20/2020,-2,1,6,1,1,1,0,0,1651
AE,United Arab Emirates,,,,,,ChIJvRKrsd9IXj4RpwoIwFYv0zM,2/21/2020,-3,2,6,0,-1,1,0,0,2201
AE,United Arab Emirates,,,,,,ChIJvRKrsd9IXj4RpwoIwFYv0zM,2/22/2020,-2,2,4,-2,3,1,4,0,4096
AE,United Arab Emirates,,,,,,ChIJvRKrsd9IXj4RpwoIwFYv0zM,2/23/2020,-1,3,3,-1,4,1,0,0,4096
AE,United Arab Emirates,,,,,,ChIJvRKrsd9IXj4RpwoIwFYv0zM,2/24/2020,-3,0,5,-1,3,1,0,0,4096
AE,United Arab Emirates,,,,,,ChIJvRKrsd9IXj4RpwoIwFYv0zM,2/25/2020,-3,2,3,-2,3,1,0,0,4096
AE,United Arab Emirates,,,,,,ChIJvRKrsd9IXj4RpwoIwFYv0zM,2/26/2020,-2,1,-3,-2,3,1,0,0,4096
AE,United Arab Emirates,,,,,,ChIJvRKrsd9IXj4RpwoIwFYv0zM,2/27/2020,1,5,-1,-1,3,1,0,0,1325
AE,United Arab Emirates,,,,,,ChIJvRKrsd9IXj4RpwoIwFYv0zM,2/28/2020,1,5,-1,-1,1,1,6,0,8606
AE,United Arab Emirates,,,,,,ChIJvRKrsd9IXj4RpwoIwFYv0zM,2/29/2020,2,7,-1,-1,5,0,2,0,8606
AE,United Arab Emirates,,,,,,ChIJvRKrsd9IXj4RpwoIwFYv0zM,3/1/2020,3,10,2,-1,4,1,0,0,8606
AE,United Arab Emirates,,,,,,ChIJvRKrsd9IXj4RpwoIwFYv0zM,3/2/2020,0,7,1,-2,4,1,0,0,8606
AE,United Arab Emirates,,,,,,ChIJvRKrsd9IXj4RpwoIwFYv0zM,3/3/2020,0,6,0,-5,4,1,6,0,2113
AE,United Arab Emirates,,,,,,ChIJvRKrsd9IXj4RpwoIwFYv0zM,3/4/2020,-1,7,-2,-5,3,2,0,0,12724
AE,United Arab Emirates,,,,,,ChIJvRKrsd9IXj4RpwoIwFYv0zM,3/5/2020,-3,6,-2,-5,3,2,2,0,12724
AE,United Arab Emirates,,,,,,ChIJvRKrsd9IXj4RpwoIwFYv0zM,3/6/2020,-7,5,-8,-9,0,3,0,0,10753
AE,United Arab Emirates,,,,,,ChIJvRKrsd9IXj4RpwoIwFYv0zM,3/7/2020,-3,6,1,-8,4,2,16,0,4480
AE,United Arab Emirates,,,,,,ChIJvRKrsd9IXj4RpwoIwFYv0zM,3/8/2020,1,8,6,-9,-1,3,0,0,4480
AE,United Arab Emirates,,,,,,ChIJvRKrsd9IXj4RpwoIwFYv0zM,3/9/2020,-3,4,4,-10,-1,4,0,0,6949
AE,United Arab Emirates,,,,,,ChIJvRKrsd9IXj4RpwoIwFYv0zM,3/10/2020,-4,6,3,-11,-2,4,29,0,3618
AE,United Arab Emirates,,,,,,ChIJvRKrsd9IXj4RpwoIwFYv0zM,3/11/2020,-4,5,0,-12,-2,4,0,0,3618
AE,United Arab Emirates,,,,,,ChIJvRKrsd9IXj4RpwoIwFYv0zM,3/12/2020,-8,6,-6,-15,-3,5,11,0,9973
AE,United Arab Emirates,,,,,,ChIJvRKrsd9IXj4RpwoIwFYv0zM,3/13/2020,-16,3,-15,-20,-2,5,0,0,9973
AE,United Arab Emirates,,,,,,ChIJvRKrsd9IXj4RpwoIwFYv0zM,3/14/2020,-12,4,-12,-17,2,4,0,0,10040
AE,United Arab Emirates,,,,,,ChIJvRKrsd9IXj4RpwoIwFYv0zM,3/15/2020,-6,11,-11,-15,-4,5,13,0,6616
AE,United Arab Emirates,,,,,,ChIJvRKrsd9IXj4RpwoIwFYv0zM,3/16/2020,-11,8,-14,-17,-6,6,0,0,6616
AE,United Arab Emirates,,,,,,ChIJvRKrsd9IXj4RpwoIwFYv0zM,3/17/2020,-16,5,-18,-22,-9,7,0,0,10525
AE,United Arab Emirates,,,,,,ChIJvRKrsd9IXj4RpwoIwFYv0zM,3/18/2020,-19,2,-19,-25,-11,9,15,0,10525
AE,United Arab Emirates,,,,,,ChIJvRKrsd9IXj4RpwoIwFYv0zM,3/19/2020,-24,-1,-26,-31,-12,11,27,0,13857
AE,United Arab Emirates,,,,,,ChIJvRKrsd9IXj4RpwoIwFYv0zM,3/20/2020,-37,-11,-45,-44,-12,11,0,2,13857
AE,United Arab Emirates,,,,,,ChIJvRKrsd9IXj4RpwoIwFYv0zM,3/21/2020,-32,-12,-37,-42,-8,10,13,0,12706
AE,United Arab Emirates,,,,,,ChIJvRKrsd9IXj4RpwoIwFYv0zM,3/22/2020,-30,-13,-36,-45,-17,13,0,0,12706
AE,United Arab Emirates,,,,,,ChIJvRKrsd9IXj4RpwoIwFYv0zM,3/23/2020,-27,14,-38,-46,-20,14,45,0,16748
AE,United Arab Emirates,,,,,,ChIJvRKrsd9IXj4RpwoIwFYv0zM,3/24/2020,-39,-6,-43,-53,-28,17,50,0,9093
AE,United Arab Emirates,,,,,,ChIJvRKrsd9IXj4RpwoIwFYv0zM,3/25/2020,-50,-18,-47,-60,-35,21,85,0,9536
AE,United Arab Emirates,,,,,,ChIJvRKrsd9IXj4RpwoIwFYv0zM,3/26/2020,-55,-13,-54,-67,-40,25,0,0,9536
AE,United Arab Emirates,,,,,,ChIJvRKrsd9IXj4RpwoIwFYv0zM,3/27/2020,-80,-60,-80,-84,-52,25,72,0,18882
AE,United Arab Emirates,,,,,,ChIJvRKrsd9IXj4RpwoIwFYv0zM,3/28/2020,-72,-47,-68,-80,-56,28,63,0,8216
AE,United Arab Emirates,,,,,,ChIJvRKrsd9IXj4RpwoIwFYv0zM,3/29/2020,-55,-26,-53,-69,-45,26,102,1,9098
AE,United Arab Emirates,,,,,,ChIJvRKrsd9IXj4RpwoIwFYv0zM,3/30/2020,-57,-27,-53,-69,-46,25,41,2,7694
AE,United Arab Emirates,,,,,,ChIJvRKrsd9IXj4RpwoIwFYv0zM,3/31/2020,-56,-26,-53,-69,-46,25,53,1,13458
AE,United Arab Emirates,,,,,,ChIJvRKrsd9IXj4RpwoIwFYv0zM,4/1/2020,-56,-24,-53,-70,-46,25,150,2,20480
AE,United Arab Emirates,,,,,,ChIJvRKrsd9IXj4RpwoIwFYv0zM,4/2/2020,-58,-25,-56,-71,-47,28,210,0,22433
AE,United Arab Emirates,,,,,,ChIJvRKrsd9IXj4RpwoIwFYv0zM,4/3/2020,-69,-39,-75,-79,-44,22,240,1,31402
AE,United Arab Emirates,,,,,,ChIJvRKrsd9IXj4RpwoIwFYv0zM,4/4/2020,-58,-27,-58,-72,-37,21,241,1,39950
AE,United Arab Emirates,,,,,,ChIJvRKrsd9IXj4RpwoIwFYv0zM,4/5/2020,-61,-30,-58,-79,-57,31,294,0,58348
AE,United Arab Emirates,,,,,,ChIJvRKrsd9IXj4RpwoIwFYv0zM,4/6/2020,-63,-32,-58,-78,-56,30,277,1,39870
AE,United Arab Emirates,,,,,,ChIJvRKrsd9IXj4RpwoIwFYv0zM,4/7/2020,-63,-30,-73,-78,-55,30,283,1,58294
AE,United Arab Emirates,,,,,,ChIJvRKrsd9IXj4RpwoIwFYv0zM,4/8/2020,-63,-30,-74,-78,-55,30,300,0,48418
AE,United Arab Emirates,,,,,,ChIJvRKrsd9IXj4RpwoIwFYv0zM,4/9/2020,-64,-31,-76,-79,-55,33,331,2,40000
AE,United Arab Emirates,,,,,,ChIJvRKrsd9IXj4RpwoIwFYv0zM,4/10/2020,-74,-46,-86,-84,-49,23,370,2,49000
AE,United Arab Emirates,,,,,,ChIJvRKrsd9IXj4RpwoIwFYv0zM,4/11/2020,-64,-32,-77,-79,-45,24,376,4,20000
AE,United Arab Emirates,,,,,,ChIJvRKrsd9IXj4RpwoIwFYv0zM,4/12/2020,-60,-28,-74,-79,-55,30,387,2,22000
AE,United Arab Emirates,,,,,,ChIJvRKrsd9IXj4RpwoIwFYv0zM,4/13/2020,-62,-30,-73,-78,-55,30,398,3,23380
AE,United Arab Emirates,,,,,,ChIJvRKrsd9IXj4RpwoIwFYv0zM,4/14/2020,-62,-31,-74,-78,-55,30,412,3,32000
AE,United Arab Emirates,,,,,,ChIJvRKrsd9IXj4RpwoIwFYv0zM,4/15/2020,-63,-32,-74,-78,-56,31,432,5,41425
AE,United Arab Emirates,,,,,,ChIJvRKrsd9IXj4RpwoIwFYv0zM,4/16/2020,-63,-32,-74,-79,-55,34,460,2,25000
AE,United Arab Emirates,,,,,,ChIJvRKrsd9IXj4RpwoIwFYv0zM,4/17/2020,-73,-45,-85,-84,-48,23,477,2,24000
AE,United Arab Emirates,,,,,,ChIJvRKrsd9IXj4RpwoIwFYv0zM,4/18/2020,-66,-39,-78,-78,-45,24,0,0,21806
AE,United Arab Emirates,,,,,,ChIJvRKrsd9IXj4RpwoIwFYv0zM,4/19/2020,-62,-35,-74,-78,-54,30,479,4,25795
AE,United Arab Emirates,,,,,,ChIJvRKrsd9IXj4RpwoIwFYv0zM,4/20/2020,-63,-37,-74,-78,-55,30,484,2,22807
AE,United Arab Emirates,,,,,,ChIJvRKrsd9IXj4RpwoIwFYv0zM,4/21/2020,-63,-35,-74,-78,-55,30,490,3,20165
AE,United Arab Emirates,,,,,,ChIJvRKrsd9IXj4RpwoIwFYv0zM,4/22/2020,-62,-33,-75,-77,-55,30,483,6,23053
AE,United Arab Emirates,,,,,,ChIJvRKrsd9IXj4RpwoIwFYv0zM,4/23/2020,-62,-29,-76,-77,-55,32,518,4,25506
AE,United Arab Emirates,,,,,,ChIJvRKrsd9IXj4RpwoIwFYv0zM,4/24/2020,-72,-40,-86,-80,-47,24,525,8,26274
AE,United Arab Emirates,,,,,,ChIJvRKrsd9IXj4RpwoIwFYv0zM,4/25/2020,-62,-32,-77,-74,-41,25,532,7,21984
AE,United Arab Emirates,,,,,,ChIJvRKrsd9IXj4RpwoIwFYv0zM,4/26/2020,-56,-26,-73,-69,-49,30,536,5,25086
AE,United Arab Emirates,,,,,,ChIJvRKrsd9IXj4RpwoIwFYv0zM,4/27/2020,-57,-28,-73,-68,-48,30,490,6,26195
AE,United Arab Emirates,,,,,,ChIJvRKrsd9IXj4RpwoIwFYv0zM,4/28/2020,-56,-26,-72,-67,-48,28,541,7,27905
AE,United Arab Emirates,,,,,,ChIJvRKrsd9IXj4RpwoIwFYv0zM,4/29/2020,-55,-24,-72,-67,-47,29,549,9,26524
AE,United Arab Emirates,,,,,,ChIJvRKrsd9IXj4RpwoIwFYv0zM,4/30/2020,-57,-26,-71,-66,-47,31,552,7,36266
AE,United Arab Emirates,,,,,,ChIJvRKrsd9IXj4RpwoIwFYv0zM,5/1/2020,-66,-36,-83,-73,-41,22,557,6,26677
AE,United Arab Emirates,,,,,,ChIJvRKrsd9IXj4RpwoIwFYv0zM,5/2/2020,-56,-26,-72,-66,-34,22,561,8,18428
AE,United Arab Emirates,,,,,,ChIJvRKrsd9IXj4RpwoIwFYv0zM,5/3/2020,-51,-22,-68,-65,-45,27,564,7,28039
AE,United Arab Emirates,,,,,,ChIJvRKrsd9IXj4RpwoIwFYv0zM,5/4/2020,-52,-24,-68,-65,-45,28,567,11,25231
AE,United Arab Emirates,,,,,,ChIJvRKrsd9IXj4RpwoIwFYv0zM,5/5/2020,-53,-23,-68,-64,-45,27,462,9,33994
AE,United Arab Emirates,,,,,,ChIJvRKrsd9IXj4RpwoIwFYv0zM,5/6/2020,-51,-20,-67,-62,-44,28,546,11,41134
AE,United Arab Emirates,,,,,,ChIJvRKrsd9IXj4RpwoIwFYv0zM,5/7/2020,-53,-23,-68,-63,-44,30,502,8,33153
AE,United Arab Emirates,,,,,,ChIJvRKrsd9IXj4RpwoIwFYv0zM,5/8/2020,-63,-35,-81,-72,-38,21,553,9,29866
AE,United Arab Emirates,,,,,,ChIJvRKrsd9IXj4RpwoIwFYv0zM,5/9/2020,-53,-25,-70,-63,-31,22,624,11,26763
AE,United Arab Emirates,,,,,,ChIJvRKrsd9IXj4RpwoIwFYv0zM,5/10/2020,-48,-19,-66,-61,-42,27,781,13,32597
AE,United Arab Emirates,,,,,,ChIJvRKrsd9IXj4RpwoIwFYv0zM,5/11/2020,-51,-22,-66,-61,-43,28,680,3,34869
AE,United Arab Emirates,,,,,,ChIJvRKrsd9IXj4RpwoIwFYv0zM,5/12/2020,-50,-20,-66,-61,-43,28,783,2,37112
AE,United Arab Emirates,,,,,,ChIJvRKrsd9IXj4RpwoIwFYv0zM,5/13/2020,-51,-21,-66,-61,-43,28,725,3,38477
AE,United Arab Emirates,,,,,,ChIJvRKrsd9IXj4RpwoIwFYv0zM,5/14/2020,-53,-20,-67,-61,-43,29,698,2,35735
AE,United Arab Emirates,,,,,,ChIJvRKrsd9IXj4RpwoIwFYv0zM,5/15/2020,-62,-32,-80,-70,-35,21,747,2,40720
AE,United Arab Emirates,,,,,,ChIJvRKrsd9IXj4RpwoIwFYv0zM,5/16/2020,-51,-21,-68,-61,-29,21,796,4,37844
AE,United Arab Emirates,,,,,,ChIJvRKrsd9IXj4RpwoIwFYv0zM,5/17/2020,-47,-16,-64,-60,-41,27,731,6,38904
AE,United Arab Emirates,,,,,,ChIJvRKrsd9IXj4RpwoIwFYv0zM,5/18/2020,-48,-18,-64,-59,-42,27,832,4,43732
AE,United Arab Emirates,,,,,,ChIJvRKrsd9IXj4RpwoIwFYv0zM,5/19/2020,-49,-19,-65,-60,-42,27,873,3,43993
AE,United Arab Emirates,,,,,,ChIJvRKrsd9IXj4RpwoIwFYv0zM,5/20/2020,-53,-22,-67,-61,-44,28,941,6,50377
AE,United Arab Emirates,,,,,,ChIJvRKrsd9IXj4RpwoIwFYv0zM,5/21/2020,-53,-20,-69,-61,-43,30,894,4,39791
AE,United Arab Emirates,,,,,,ChIJvRKrsd9IXj4RpwoIwFYv0zM,5/22/2020,-59,-27,-81,-69,-33,21,994,4,35686
AE,United Arab Emirates,,,,,,ChIJvRKrsd9IXj4RpwoIwFYv0zM,5/23/2020,-52,-17,-73,-66,-47,25,812,3,41202
AE,United Arab Emirates,,,,,,ChIJvRKrsd9IXj4RpwoIwFYv0zM,5/24/2020,-56,-31,-68,-72,-77,36,781,1,28282
AE,United Arab Emirates,,,,,,ChIJvRKrsd9IXj4RpwoIwFYv0zM,5/25/2020,-52,-23,-65,-69,-73,34,822,3,27540
AE,United Arab Emirates,,,,,,ChIJvRKrsd9IXj4RpwoIwFYv0zM,5/26/2020,-50,-23,-66,-66,-63,31,779,5,38628
AE,United Arab Emirates,,,,,,ChIJvRKrsd9IXj4RpwoIwFYv0zM,5/27/2020,-44,-18,-63,-55,-38,23,883,2,36131
AE,United Arab Emirates,,,,,,ChIJvRKrsd9IXj4RpwoIwFYv0zM,5/28/2020,-46,-19,-64,-56,-37,25,563,3,42624
AE,United Arab Emirates,,,,,,ChIJvRKrsd9IXj4RpwoIwFYv0zM,5/29/2020,-55,-29,-73,-64,-29,19,638,2,37153
AE,United Arab Emirates,,,,,,ChIJvRKrsd9IXj4RpwoIwFYv0zM,5/30/2020,-42,-17,-62,-55,-20,16,726,2,30147
AE,United Arab Emirates,,,,,,ChIJvRKrsd9IXj4RpwoIwFYv0zM,5/31/2020,-35,-9,-58,-52,-32,20,661,2,35037
AE,United Arab Emirates,,,,,,ChIJvRKrsd9IXj4RpwoIwFYv0zM,6/1/2020,-37,-10,-57,-51,-32,20,635,2,41762
AE,United Arab Emirates,,,,,,ChIJvRKrsd9IXj4RpwoIwFYv0zM,6/2/2020,-38,-12,-58,-52,-32,21,596,3,54823
AE,United Arab Emirates,,,,,,ChIJvRKrsd9IXj4RpwoIwFYv0zM,6/3/2020,-38,-12,-57,-51,-32,21,571,1,44241
AE,United Arab Emirates,,,,,,ChIJvRKrsd9IXj4RpwoIwFYv0zM,6/4/2020,-41,-14,-60,-52,-31,23,659,3,52996
AE,United Arab Emirates,,,,,,ChIJvRKrsd9IXj4RpwoIwFYv0zM,6/5/2020,-49,-23,-68,-61,-26,17,624,1,44201
AE,United Arab Emirates,,,,,,ChIJvRKrsd9IXj4RpwoIwFYv0zM,6/6/2020,-39,-15,-60,-54,-18,16,626,1,32679
AE,United Arab Emirates,,,,,,ChIJvRKrsd9IXj4RpwoIwFYv0zM,6/7/2020,-35,-9,-56,-51,-30,20,540,1,37640
AE,United Arab Emirates,,,,,,ChIJvRKrsd9IXj4RpwoIwFYv0zM,6/8/2020,-37,-13,-56,-50,-29,20,568,5,47201
AE,United Arab Emirates,,,,,,ChIJvRKrsd9IXj4RpwoIwFYv0zM,6/9/2020,-39,-14,-57,-52,-29,20,528,2,45378
AE,United Arab Emirates,,,,,,ChIJvRKrsd9IXj4RpwoIwFYv0zM,6/10/2020,-38,-13,-56,-52,-30,20,603,1,44167
AE,United Arab Emirates,,,,,,ChIJvRKrsd9IXj4RpwoIwFYv0zM,6/11/2020,-40,-13,-57,-52,-29,22,479,2,40724
AE,United Arab Emirates,,,,,,ChIJvRKrsd9IXj4RpwoIwFYv0zM,6/12/2020,-48,-23,-66,-60,-23,16,513,1,43013
AE,United Arab Emirates,,,,,,ChIJvRKrsd9IXj4RpwoIwFYv0zM,6/13/2020,-38,-15,-57,-53,-16,15,491,1,27041
AE,United Arab Emirates,,,,,,ChIJvRKrsd9IXj4RpwoIwFYv0zM,6/14/2020,-34,-10,-54,-50,-28,19,304,1,38036
AE,United Arab Emirates,,,,,,ChIJvRKrsd9IXj4RpwoIwFYv0zM,6/15/2020,-36,-13,-53,-50,-27,19,342,2,39887
AE,United Arab Emirates,,,,,,ChIJvRKrsd9IXj4RpwoIwFYv0zM,6/16/2020,-36,-12,-53,-50,-27,19,346,2,40478
AE,United Arab Emirates,,,,,,ChIJvRKrsd9IXj4RpwoIwFYv0zM,6/17/2020,-37,-12,-54,-50,-27,19,382,2,38502
AE,United Arab Emirates,,,,,,ChIJvRKrsd9IXj4RpwoIwFYv0zM,6/18/2020,-39,-14,-56,-51,-27,20,388,3,34364
AE,United Arab Emirates,,,,,,ChIJvRKrsd9IXj4RpwoIwFYv0zM,6/19/2020,-46,-22,-66,-58,-21,16,393,2,48524
AE,United Arab Emirates,,,,,,ChIJvRKrsd9IXj4RpwoIwFYv0zM,6/20/2020,-37,-15,-57,-52,-15,14,388,1,40876
AE,United Arab Emirates,,,,,,ChIJvRKrsd9IXj4RpwoIwFYv0zM,6/21/2020,-33,-11,-52,-50,-27,18,392,1,40956
AE,United Arab Emirates,,,,,,ChIJvRKrsd9IXj4RpwoIwFYv0zM,6/22/2020,-35,-13,-51,-48,-27,18,378,1,44291
AE,United Arab Emirates,,,,,,ChIJvRKrsd9IXj4RpwoIwFYv0zM,6/23/2020,-34,-12,-51,-48,-27,18,380,2,49650
AE,United Arab Emirates,,,,,,ChIJvRKrsd9IXj4RpwoIwFYv0zM,6/24/2020,-35,-12,-52,-48,-26,18,450,2,49152
AE,United Arab Emirates,,,,,,ChIJvRKrsd9IXj4RpwoIwFYv0zM,6/25/2020,-33,-10,-53,-47,-25,19,430,1,52527
AE,United Arab Emirates,,,,,,ChIJvRKrsd9IXj4RpwoIwFYv0zM,6/26/2020,-40,-18,-62,-54,-18,14,410,2,58741
AE,United Arab Emirates,,,,,,ChIJvRKrsd9IXj4RpwoIwFYv0zM,6/27/2020,-32,-11,-55,-48,-14,13,387,1,43551
AE,United Arab Emirates,,,,,,ChIJvRKrsd9IXj4RpwoIwFYv0zM,6/28/2020,-28,-7,-51,-47,-24,16,437,2,63970
AE,United Arab Emirates,,,,,,ChIJvRKrsd9IXj4RpwoIwFYv0zM,6/29/2020,-29,-8,-49,-46,-24,16,449,1,62028
AE,United Arab Emirates,,,,,,ChIJvRKrsd9IXj4RpwoIwFYv0zM,6/30/2020,-28,-6,-46,-47,-24,15,421,1,56177
AE,United Arab Emirates,,,,,,ChIJvRKrsd9IXj4RpwoIwFYv0zM,7/1/2020,-28,-6,-47,-47,-24,15,402,1,54358
AE,United Arab Emirates,,,,,,ChIJvRKrsd9IXj4RpwoIwFYv0zM,7/2/2020,-29,-5,-48,-47,-24,17,400,1,71697
AE,United Arab Emirates,,,,,,ChIJvRKrsd9IXj4RpwoIwFYv0zM,7/3/2020,-36,-14,-58,-54,-17,13,672,1,47930
AE,United Arab Emirates,,,,,,ChIJvRKrsd9IXj4RpwoIwFYv0zM,7/4/2020,-29,-8,-50,-49,-12,11,716,3,28009
AE,United Arab Emirates,,,,,,ChIJvRKrsd9IXj4RpwoIwFYv0zM,7/5/2020,-24,-3,-45,-47,-24,14,683,2,44192
AE,United Arab Emirates,,,,,,ChIJvRKrsd9IXj4RpwoIwFYv0zM,7/6/2020,-27,-6,-45,-46,-23,15,528,1,51430
AE,United Arab Emirates,,,,,,ChIJvRKrsd9IXj4RpwoIwFYv0zM,7/7/2020,-27,-5,-45,-45,-24,15,532,2,49777
AE,United Arab Emirates,,,,,,ChIJvRKrsd9IXj4RpwoIwFYv0zM,7/8/2020,-29,-8,-46,-47,-23,15,445,1,47322
AE,United Arab Emirates,,,,,,ChIJvRKrsd9IXj4RpwoIwFYv0zM,7/9/2020,-29,-7,-48,-46,-24,16,532,1,58504
AE,United Arab Emirates,,,,,,ChIJvRKrsd9IXj4RpwoIwFYv0zM,7/10/2020,-35,-14,-58,-54,-15,12,473,2,50139
AE,United Arab Emirates,,,,,,ChIJvRKrsd9IXj4RpwoIwFYv0zM,7/11/2020,-28,-8,-50,-49,-11,11,403,1,34478
AE,United Arab Emirates,,,,,,ChIJvRKrsd9IXj4RpwoIwFYv0zM,7/12/2020,-24,-4,-44,-45,-23,14,401,2,50325
AE,United Arab Emirates,,,,,,ChIJvRKrsd9IXj4RpwoIwFYv0zM,7/13/2020,-26,-7,-45,-45,-23,14,344,1,34478
AE,United Arab Emirates,,,,,,ChIJvRKrsd9IXj4RpwoIwFYv0zM,7/14/2020,-27,-7,-45,-46,-24,14,375,1,52782
AE,United Arab Emirates,,,,,,ChIJvRKrsd9IXj4RpwoIwFYv0zM,7/15/2020,-26,-7,-43,-46,-23,14,275,0,48534
AE,United Arab Emirates,,,,,,ChIJvRKrsd9IXj4RpwoIwFYv0zM,7/16/2020,-28,-6,-46,-46,-22,15,281,0,48931
AE,United Arab Emirates,,,,,,ChIJvRKrsd9IXj4RpwoIwFYv0zM,7/17/2020,-34,-14,-56,-54,-15,12,293,2,48561
AE,United Arab Emirates,,,,,,ChIJvRKrsd9IXj4RpwoIwFYv0zM,7/18/2020,-28,-9,-48,-49,-11,11,289,1,46950
AE,United Arab Emirates,,,,,,ChIJvRKrsd9IXj4RpwoIwFYv0zM,7/19/2020,-23,-4,-42,-45,-22,13,211,1,47723
AE,United Arab Emirates,,,,,,ChIJvRKrsd9IXj4RpwoIwFYv0zM,7/20/2020,-25,-7,-42,-45,-22,13,271,1,27224
AE,United Arab Emirates,,,,,,ChIJvRKrsd9IXj4RpwoIwFYv0zM,7/21/2020,-27,-9,-44,-46,-23,13,305,1,40050
AE,United Arab Emirates,,,,,,ChIJvRKrsd9IXj4RpwoIwFYv0zM,7/22/2020,-27,-9,-44,-45,-22,13,236,1,47014
AE,United Arab Emirates,,,,,,ChIJvRKrsd9IXj4RpwoIwFYv0zM,7/23/2020,-27,-7,-45,-45,-22,14,254,0,54096
AE,United Arab Emirates,,,,,,ChIJvRKrsd9IXj4RpwoIwFYv0zM,7/24/2020,-33,-15,-55,-52,-13,12,261,1,46965
AE,United Arab Emirates,,,,,,ChIJvRKrsd9IXj4RpwoIwFYv0zM,7/25/2020,-25,-8,-46,-46,-11,10,313,0,52627
AE,United Arab Emirates,,,,,,ChIJvRKrsd9IXj4RpwoIwFYv0zM,7/26/2020,-21,-3,-41,-43,-22,12,351,1,51162
AE,United Arab Emirates,,,,,,ChIJvRKrsd9IXj4RpwoIwFYv0zM,7/27/2020,-21,-3,-41,-43,-22,12,264,1,47229
AE,United Arab Emirates,,,,,,ChIJvRKrsd9IXj4RpwoIwFYv0zM,7/28/2020,-19,0,-42,-43,-22,11,369,2,43622
AE,United Arab Emirates,,,,,,ChIJvRKrsd9IXj4RpwoIwFYv0zM,7/29/2020,-12,11,-39,-39,-22,9,375,0,47483
AE,United Arab Emirates,,,,,,ChIJvRKrsd9IXj4RpwoIwFYv0zM,7/30/2020,-21,13,-46,-51,-58,26,302,2,55257
AE,United Arab Emirates,,,,,,ChIJvRKrsd9IXj4RpwoIwFYv0zM,7/31/2020,-31,-15,-46,-47,-22,9,283,2,54727
AE,United Arab Emirates,,,,,,ChIJvRKrsd9IXj4RpwoIwFYv0zM,8/1/2020,-22,-6,-29,-49,-53,17,254,0,43268
AE,United Arab Emirates,,,,,,ChIJvRKrsd9IXj4RpwoIwFYv0zM,8/2/2020,-15,5,-34,-53,-59,22,239,0,42428
AE,United Arab Emirates,,,,,,ChIJvRKrsd9IXj4RpwoIwFYv0zM,8/3/2020,-22,-4,-41,-43,-23,12,164,0,27811
AE,United Arab Emirates,,,,,,ChIJvRKrsd9IXj4RpwoIwFYv0zM,8/4/2020,-22,-4,-42,-42,-23,12,189,0,29398
AE,United Arab Emirates,,,,,,ChIJvRKrsd9IXj4RpwoIwFYv0zM,8/5/2020,-22,-4,-42,-41,-22,12,254,2,43369
AE,United Arab Emirates,,,,,,ChIJvRKrsd9IXj4RpwoIwFYv0zM,8/6/2020,-24,-6,-45,-42,-22,13,239,1,50729
AE,United Arab Emirates,,,,,,ChIJvRKrsd9IXj4RpwoIwFYv0zM,8/7/2020,-33,-15,-57,-51,-14,11,216,2,61978
AE,United Arab Emirates,,,,,,ChIJvRKrsd9IXj4RpwoIwFYv0zM,8/8/2020,-24,-7,-45,-44,-12,9,239,0,63792
AE,United Arab Emirates,,,,,,ChIJvRKrsd9IXj4RpwoIwFYv0zM,8/9/2020,-18,-1,-38,-41,-21,11,225,1,61544
AE,United Arab Emirates,,,,,,ChIJvRKrsd9IXj4RpwoIwFYv0zM,8/10/2020,-21,-5,-39,-40,-22,11,179,0,58953
AE,United Arab Emirates,,,,,,ChIJvRKrsd9IXj4RpwoIwFYv0zM,8/11/2020,-23,-6,-41,-43,-22,11,262,1,64110
AE,United Arab Emirates,,,,,,ChIJvRKrsd9IXj4RpwoIwFYv0zM,8/12/2020,-22,-6,-41,-43,-22,11,246,0,72630
AE,United Arab Emirates,,,,,,ChIJvRKrsd9IXj4RpwoIwFYv0zM,8/13/2020,-23,-5,-42,-42,-22,12,277,0,68964
AE,United Arab Emirates,,,,,,ChIJvRKrsd9IXj4RpwoIwFYv0zM,8/14/2020,-30,-12,-53,-49,-14,10,330,1,82344
AE,United Arab Emirates,,,,,,ChIJvRKrsd9IXj4RpwoIwFYv0zM,8/15/2020,-24,-7,-45,-43,-12,8,283,2,77640
AE,United Arab Emirates,,,,,,ChIJvRKrsd9IXj4RpwoIwFYv0zM,8/16/2020,-19,-3,-39,-42,-22,10,210,3,65186
AE,United Arab Emirates,,,,,,ChIJvRKrsd9IXj4RpwoIwFYv0zM,8/17/2020,-22,-6,-40,-42,-22,11,229,0,71322
AE,United Arab Emirates,,,,,,ChIJvRKrsd9IXj4RpwoIwFYv0zM,8/18/2020,-23,-7,-42,-42,-21,11,365,2,59759
AE,United Arab Emirates,,,,,,ChIJvRKrsd9IXj4RpwoIwFYv0zM,8/19/2020,-23,-7,-42,-42,-21,11,435,1,72026
AE,United Arab Emirates,,,,,,ChIJvRKrsd9IXj4RpwoIwFYv0zM,8/20/2020,-26,-9,-45,-43,-22,12,461,2,72283
AE,United Arab Emirates,,,,,,ChIJvRKrsd9IXj4RpwoIwFYv0zM,8/21/2020,-33,-16,-56,-50,-14,10,391,1,82191
AE,United Arab Emirates,,,,,,ChIJvRKrsd9IXj4RpwoIwFYv0zM,8/22/2020,-23,-9,-43,-44,-15,8,424,2,70079
AE,United Arab Emirates,,,,,,ChIJvRKrsd9IXj4RpwoIwFYv0zM,8/23/2020,-19,1,-37,-53,-58,22,390,3,71216
AE,United Arab Emirates,,,,,,ChIJvRKrsd9IXj4RpwoIwFYv0zM,8/24/2020,-25,-10,-42,-42,-20,10,275,1,71282
AE,United Arab Emirates,,,,,,ChIJvRKrsd9IXj4RpwoIwFYv0zM,8/25/2020,-24,-8,-41,-41,-21,10,339,1,69309
AE,United Arab Emirates,,,,,,ChIJvRKrsd9IXj4RpwoIwFYv0zM,8/26/2020,-23,-7,-41,-41,-20,10,399,1,57419
AE,United Arab Emirates,,,,,,ChIJvRKrsd9IXj4RpwoIwFYv0zM,8/27/2020,-22,-5,-42,-41,-20,11,491,0,68043
AE,United Arab Emirates,,,,,,ChIJvRKrsd9IXj4RpwoIwFYv0zM,8/28/2020,-30,-11,-55,-47,-13,10,390,1,79680
AE,United Arab Emirates,,,,,,ChIJvRKrsd9IXj4RpwoIwFYv0zM,8/29/2020,-23,-5,-46,-42,-11,8,427,0,88803
AE,United Arab Emirates,,,,,,ChIJvRKrsd9IXj4RpwoIwFYv0zM,8/30/2020,-18,2,-38,-40,-21,9,362,3,87955
AE,United Arab Emirates,,,,,,ChIJvRKrsd9IXj4RpwoIwFYv0zM,8/31/2020,-21,-3,-40,-41,-22,10,541,2,82763
AE,United Arab Emirates,,,,,,ChIJvRKrsd9IXj4RpwoIwFYv0zM,9/1/2020,-22,-3,-40,-40,-21,10,574,0,82772
AE,United Arab Emirates,,,,,,ChIJvRKrsd9IXj4RpwoIwFYv0zM,9/2/2020,-22,-4,-40,-41,-21,10,735,3,79623
AE,United Arab Emirates,,,,,,ChIJvRKrsd9IXj4RpwoIwFYv0zM,9/3/2020,-22,-3,-40,-41,-21,10,614,0,67821
AE,United Arab Emirates,,,,,,ChIJvRKrsd9IXj4RpwoIwFYv0zM,9/4/2020,-27,-8,-50,-45,-15,9,612,0,80935
AE,United Arab Emirates,,,,,,ChIJvRKrsd9IXj4RpwoIwFYv0zM,9/5/2020,-21,-3,-42,-42,-13,7,705,1,82333
AE,United Arab Emirates,,,,,,ChIJvRKrsd9IXj4RpwoIwFYv0zM,9/6/2020,-18,1,-35,-39,-21,9,513,0,87336
AE,United Arab Emirates,,,,,,ChIJvRKrsd9IXj4RpwoIwFYv0zM,9/7/2020,-21,-3,-38,-40,-21,10,470,2,57506
AE,United Arab Emirates,,,,,,ChIJvRKrsd9IXj4RpwoIwFYv0zM,9/8/2020,-21,-3,-38,-40,-22,10,644,1,71334
AE,United Arab Emirates,,,,,,ChIJvRKrsd9IXj4RpwoIwFYv0zM,9/9/2020,-23,-5,-39,-41,-21,9,883,2,85917
AE,United Arab Emirates,,,,,,ChIJvRKrsd9IXj4RpwoIwFYv0zM,9/10/2020,-21,-3,-38,-38,-21,10,930,5,82076
AE,United Arab Emirates,,,,,,ChIJvRKrsd9IXj4RpwoIwFYv0zM,9/11/2020,-27,-8,-48,-45,-16,9,931,0,75177
AE,United Arab Emirates,,,,,,ChIJvRKrsd9IXj4RpwoIwFYv0zM,9/12/2020,-22,-3,-39,-42,-13,7,1007,1,95287
AE,United Arab Emirates,,,,,,ChIJvRKrsd9IXj4RpwoIwFYv0zM,9/13/2020,-19,0,-32,-39,-20,9,640,0,84642
AE,United Arab Emirates,,,,,,ChIJvRKrsd9IXj4RpwoIwFYv0zM,9/14/2020,-22,-4,-36,-40,-19,10,777,0,61084
AE,United Arab Emirates,,,,,,ChIJvRKrsd9IXj4RpwoIwFYv0zM,9/15/2020,-22,-4,-36,-40,-19,10,674,2,86879
AE,United Arab Emirates,,,,,,ChIJvRKrsd9IXj4RpwoIwFYv0zM,9/16/2020,-22,-5,-36,-40,-20,10,842,1,93682
AE,United Arab Emirates,,,,,,ChIJvRKrsd9IXj4RpwoIwFYv0zM,9/17/2020,-23,-5,-38,-41,-21,11,786,0,92912
AE,United Arab Emirates,,,,,,ChIJvRKrsd9IXj4RpwoIwFYv0zM,9/18/2020,-28,-11,-47,-46,-15,10,865,1,97469
AE,United Arab Emirates,,,,,,ChIJvRKrsd9IXj4RpwoIwFYv0zM,9/19/2020,-23,-7,-40,-43,-13,8,809,1,103124
AE,United Arab Emirates,,,,,,ChIJvRKrsd9IXj4RpwoIwFYv0zM,9/20/2020,-21,-4,-35,-40,-19,10,674,0,97251
AE,United Arab Emirates,,,,,,ChIJvRKrsd9IXj4RpwoIwFYv0zM,9/21/2020,-24,-7,-38,-41,-21,10,679,1,72388
AE,United Arab Emirates,,,,,,ChIJvRKrsd9IXj4RpwoIwFYv0zM,9/22/2020,-26,-8,-41,-42,-20,10,852,0,98528
AE,United Arab Emirates,,,,,,ChIJvRKrsd9IXj4RpwoIwFYv0zM,9/23/2020,-27,-9,-44,-43,-20,11,1083,1,103199
AE,United Arab Emirates,,,,,,ChIJvRKrsd9IXj4RpwoIwFYv0zM,9/24/2020,-26,-8,-43,-43,-20,12,1002,1,93618
AE,United Arab Emirates,,,,,,ChIJvRKrsd9IXj4RpwoIwFYv0zM,9/25/2020,-31,-12,-49,-47,-15,10,1008,2,92058
AE,United Arab Emirates,,,,,,ChIJvRKrsd9IXj4RpwoIwFYv0zM,9/26/2020,-26,-7,-45,-43,-12,8,1078,2,98168
AE,United Arab Emirates,,,,,,ChIJvRKrsd9IXj4RpwoIwFYv0zM,9/27/2020,-22,-3,-41,-40,-19,10,851,1,106034
AE,United Arab Emirates,,,,,,ChIJvRKrsd9IXj4RpwoIwFYv0zM,9/28/2020,-25,-7,-44,-41,-19,11,626,1,76888
AE,United Arab Emirates,,,,,,ChIJvRKrsd9IXj4RpwoIwFYv0zM,9/29/2020,-24,-5,-42,-40,-19,10,995,3,98412
AE,United Arab Emirates,,,,,,ChIJvRKrsd9IXj4RpwoIwFYv0zM,9/30/2020,-23,-2,-41,-38,-20,9,1100,3,105615
AE,United Arab Emirates,,,,,,ChIJvRKrsd9IXj4RpwoIwFYv0zM,10/1/2020,-22,0,-38,-38,-20,9,1158,2,91234
AE,United Arab Emirates,,,,,,ChIJvRKrsd9IXj4RpwoIwFYv0zM,10/2/2020,-26,-5,-44,-40,-16,8,1181,3,107187
AE,United Arab Emirates,,,,,,ChIJvRKrsd9IXj4RpwoIwFYv0zM,10/3/2020,-22,-1,-40,-38,-14,6,1231,2,117812
AE,United Arab Emirates,,,,,,ChIJvRKrsd9IXj4RpwoIwFYv0zM,10/4/2020,-20,1,-34,-35,-20,8,1041,0,108906
AE,United Arab Emirates,,,,,,ChIJvRKrsd9IXj4RpwoIwFYv0zM,10/5/2020,-23,-3,-38,-38,-21,9,932,3,87669
AE,United Arab Emirates,,,,,,ChIJvRKrsd9IXj4RpwoIwFYv0zM,10/6/2020,-23,-3,-38,-38,-21,8,1061,6,102379
AE,United Arab Emirates,,,,,,ChIJvRKrsd9IXj4RpwoIwFYv0zM,10/7/2020,-24,-3,-38,-38,-20,9,1046,1,111882
AE,United Arab Emirates,,,,,,ChIJvRKrsd9IXj4RpwoIwFYv0zM,10/8/2020,-23,-2,-36,-37,-19,10,1089,2,115258
AE,United Arab Emirates,,,,,,ChIJvRKrsd9IXj4RpwoIwFYv0zM,10/9/2020,-27,-7,-41,-42,-15,8,1075,4,120665
AE,United Arab Emirates,,,,,,ChIJvRKrsd9IXj4RpwoIwFYv0zM,10/10/2020,-24,-5,-37,-39,-12,8,1129,1,136430
AE,United Arab Emirates,,,,,,ChIJvRKrsd9IXj4RpwoIwFYv0zM,10/11/2020,-21,0,-32,-37,-18,10,1096,2,133935
AE,United Arab Emirates,,,,,,ChIJvRKrsd9IXj4RpwoIwFYv0zM,10/12/2020,-24,-4,-34,-38,-19,10,1064,1,78483
AE,United Arab Emirates,,,,,,ChIJvRKrsd9IXj4RpwoIwFYv0zM,10/13/2020,-24,-3,-34,-38,-19,10,1315,2,96989
AE,United Arab Emirates,,,,,,ChIJvRKrsd9IXj4RpwoIwFYv0zM,10/14/2020,-23,-3,-36,-37,-19,10,1431,2,103132
AE,United Arab Emirates,,,,,,ChIJvRKrsd9IXj4RpwoIwFYv0zM,10/15/2020,-22,-1,-34,-35,-19,10,1398,2,114147
AE,United Arab Emirates,,,,,,ChIJvRKrsd9IXj4RpwoIwFYv0zM,10/16/2020,-26,-5,-36,-40,-15,9,1412,3,116470
AE,United Arab Emirates,,,,,,ChIJvRKrsd9IXj4RpwoIwFYv0zM,10/17/2020,-23,-4,-36,-38,-12,8,1538,4,130567
AE,United Arab Emirates,,,,,,ChIJvRKrsd9IXj4RpwoIwFYv0zM,10/18/2020,-20,-1,-32,-36,-20,10,1215,4,115293
AE,United Arab Emirates,,,,,,ChIJvRKrsd9IXj4RpwoIwFYv0zM,10/19/2020,-23,-4,-35,-36,-20,10,915,3,77291
AE,United Arab Emirates,,,,,,ChIJvRKrsd9IXj4RpwoIwFYv0zM,10/20/2020,-23,-5,-33,-37,-20,10,1077,4,112196
AE,United Arab Emirates,,,,,,ChIJvRKrsd9IXj4RpwoIwFYv0zM,10/21/2020,-22,-3,-31,-37,-20,10,1538,2,105740
AE,United Arab Emirates,,,,,,ChIJvRKrsd9IXj4RpwoIwFYv0zM,10/22/2020,-21,-1,-25,-35,-19,10,1578,2,114483
AE,United Arab Emirates,,,,,,ChIJvRKrsd9IXj4RpwoIwFYv0zM,10/23/2020,-26,-5,-28,-40,-14,8,1563,1,120351
AE,United Arab Emirates,,,,,,ChIJvRKrsd9IXj4RpwoIwFYv0zM,10/24/2020,-23,-4,-29,-38,-11,7,1491,0,124404
AE,United Arab Emirates,,,,,,ChIJvRKrsd9IXj4RpwoIwFYv0zM,10/25/2020,-18,1,-25,-35,-18,9,1359,2,118058
AE,United Arab Emirates,,,,,,ChIJvRKrsd9IXj4RpwoIwFYv0zM,10/26/2020,-20,-1,-28,-35,-18,9,1111,3,85093
AE,United Arab Emirates,,,,,,ChIJvRKrsd9IXj4RpwoIwFYv0zM,10/27/2020,-19,0,-28,-35,-19,9,1390,2,110807
AE,United Arab Emirates,,,,,,ChIJvRKrsd9IXj4RpwoIwFYv0zM,10/28/2020,-13,7,-24,-32,-18,6,1400,3,104673
AE,United Arab Emirates,,,,,,ChIJvRKrsd9IXj4RpwoIwFYv0zM,10/29/2020,-15,8,-4,-45,-59,20,1312,3,130573
AE,United Arab Emirates,,,,,,ChIJvRKrsd9IXj4RpwoIwFYv0zM,10/30/2020,-24,-7,-24,-40,-16,6,1172,2,143336
AE,United Arab Emirates,,,,,,ChIJvRKrsd9IXj4RpwoIwFYv0zM,10/31/2020,-22,-4,-30,-39,-12,6,1121,5,143991
AE,United Arab Emirates,,,,,,ChIJvRKrsd9IXj4RpwoIwFYv0zM,11/1/2020,-17,3,-27,-35,-18,8,1278,1,112546
AE,United Arab Emirates,,,,,,ChIJvRKrsd9IXj4RpwoIwFYv0zM,11/2/2020,-19,0,-31,-36,-19,9,1234,1,71466
AE,United Arab Emirates,,,,,,ChIJvRKrsd9IXj4RpwoIwFYv0zM,11/3/2020,-19,0,-30,-36,-19,9,1008,6,96994
AE,United Arab Emirates,,,,,,ChIJvRKrsd9IXj4RpwoIwFYv0zM,11/4/2020,-20,-1,-31,-36,-19,9,1161,2,116083
AE,United Arab Emirates,,,,,,ChIJvRKrsd9IXj4RpwoIwFYv0zM,11/5/2020,-20,0,-29,-35,-19,9,1289,3,131633
AE,United Arab Emirates,,,,,,ChIJvRKrsd9IXj4RpwoIwFYv0zM,11/6/2020,-23,-4,-28,-38,-15,7,1292,2,137606
AE,United Arab Emirates,,,,,,ChIJvRKrsd9IXj4RpwoIwFYv0zM,11/7/2020,-20,-3,-30,-38,-12,7,1141,4,132347
AE,United Arab Emirates,,,,,,ChIJvRKrsd9IXj4RpwoIwFYv0zM,11/8/2020,-18,0,-28,-35,-18,9,1111,0,154882
AE,United Arab Emirates,,,,,,ChIJvRKrsd9IXj4RpwoIwFYv0zM,11/9/2020,-20,-2,-32,-36,-19,9,1146,1,85643
AE,United Arab Emirates,,,,,,ChIJvRKrsd9IXj4RpwoIwFYv0zM,11/10/2020,-20,-2,-32,-36,-19,9,1096,3,135883
AE,United Arab Emirates,,,,,,ChIJvRKrsd9IXj4RpwoIwFYv0zM,11/11/2020,-19,0,-31,-35,-19,9,1214,2,114653
AE,United Arab Emirates,,,,,,ChIJvRKrsd9IXj4RpwoIwFYv0zM,11/12/2020,-18,1,-28,-34,-19,9,1136,3,128186
AE,United Arab Emirates,,,,,,ChIJvRKrsd9IXj4RpwoIwFYv0zM,11/13/2020,-21,0,-26,-37,-13,6,1226,5,124494
AE,United Arab Emirates,,,,,,ChIJvRKrsd9IXj4RpwoIwFYv0zM,11/14/2020,-18,-1,-28,-37,-13,7,1174,0,125915
AE,United Arab Emirates,,,,,,ChIJvRKrsd9IXj4RpwoIwFYv0zM,11/15/2020,-17,1,-25,-34,-19,9,1210,2,126916
AE,United Arab Emirates,,,,,,ChIJvRKrsd9IXj4RpwoIwFYv0zM,11/16/2020,-20,-4,-29,-35,-19,9,1209,4,84154
AE,United Arab Emirates,,,,,,ChIJvRKrsd9IXj4RpwoIwFYv0zM,11/17/2020,-21,-4,-29,-36,-19,9,1255,4,105024
AE,United Arab Emirates,,,,,,ChIJvRKrsd9IXj4RpwoIwFYv0zM,11/18/2020,-21,-3,-31,-36,-18,9,1292,4,116396
AE,United Arab Emirates,,,,,,ChIJvRKrsd9IXj4RpwoIwFYv0zM,11/19/2020,-20,-2,-29,-36,-18,9,1153,2,120041
AE,United Arab Emirates,,,,,,ChIJvRKrsd9IXj4RpwoIwFYv0zM,11/20/2020,-23,-6,-29,-39,-13,7,1269,3,129558
AE,United Arab Emirates,,,,,,ChIJvRKrsd9IXj4RpwoIwFYv0zM,11/21/2020,-21,-5,-32,-38,-11,7,1262,1,133003
AE,United Arab Emirates,,,,,,ChIJvRKrsd9IXj4RpwoIwFYv0zM,11/22/2020,-18,-2,-29,-35,-18,9,1205,4,110952
AE,United Arab Emirates,,,,,,ChIJvRKrsd9IXj4RpwoIwFYv0zM,11/23/2020,-21,-6,-32,-37,-18,9,1065,2,81558
AE,United Arab Emirates,,,,,,ChIJvRKrsd9IXj4RpwoIwFYv0zM,11/24/2020,-21,-5,-32,-37,-19,9,1310,5,100011
AE,United Arab Emirates,,,,,,ChIJvRKrsd9IXj4RpwoIwFYv0zM,11/25/2020,-20,-3,-33,-35,-18,9,1297,4,113220
AE,United Arab Emirates,,,,,,ChIJvRKrsd9IXj4RpwoIwFYv0zM,11/26/2020,-18,0,-30,-33,-18,9,1305,1,136352
AE,United Arab Emirates,,,,,,ChIJvRKrsd9IXj4RpwoIwFYv0zM,11/27/2020,-20,-3,-30,-35,-11,6,1283,3,145103
AE,United Arab Emirates,,,,,,ChIJvRKrsd9IXj4RpwoIwFYv0zM,11/28/2020,-17,-1,-32,-35,-10,6,1252,2,148245
AE,United Arab Emirates,,,,,,ChIJvRKrsd9IXj4RpwoIwFYv0zM,11/29/2020,-13,4,-27,-32,-18,8,1251,1,137203
AE,United Arab Emirates,,,,,,ChIJvRKrsd9IXj4RpwoIwFYv0zM,11/30/2020,-10,7,-25,-30,-18,6,1107,2,87514
AE,United Arab Emirates,,,,,,ChIJvRKrsd9IXj4RpwoIwFYv0zM,12/1/2020,-2,19,7,-38,-55,15,1289,4,129900
AE,United Arab Emirates,,,,,,ChIJvRKrsd9IXj4RpwoIwFYv0zM,12/2/2020,-2,19,31,-39,-64,18,1285,4,136483
AE,United Arab Emirates,,,,,,ChIJvRKrsd9IXj4RpwoIwFYv0zM,12/3/2020,-14,5,5,-42,-59,19,1317,5,132380
AE,United Arab Emirates,,,,,,ChIJvRKrsd9IXj4RpwoIwFYv0zM,12/4/2020,-24,-7,-24,-37,-13,6,1311,1,113928
AE,United Arab Emirates,,,,,,ChIJvRKrsd9IXj4RpwoIwFYv0zM,12/5/2020,-20,-4,-31,-36,-10,6,1214,3,83146
AE,United Arab Emirates,,,,,,ChIJvRKrsd9IXj4RpwoIwFYv0zM,12/6/2020,-15,2,-27,-32,-17,8,1153,3,92147
AE,United Arab Emirates,,,,,,ChIJvRKrsd9IXj4RpwoIwFYv0zM,12/7/2020,-17,0,-30,-34,-19,8,1148,2,87635
AE,United Arab Emirates,,,,,,ChIJvRKrsd9IXj4RpwoIwFYv0zM,12/8/2020,-18,-1,-29,-34,-17,8,1260,2,146020
AE,United Arab Emirates,,,,,,ChIJvRKrsd9IXj4RpwoIwFYv0zM,12/9/2020,-17,-1,-29,-34,-18,8,1313,2,149798
AE,United Arab Emirates,,,,,,ChIJvRKrsd9IXj4RpwoIwFYv0zM,12/10/2020,-18,0,-25,-32,-18,9,1255,4,156425
AE,United Arab Emirates,,,,,,ChIJvRKrsd9IXj4RpwoIwFYv0zM,12/11/2020,-21,-1,-22,-33,-10,6,1196,5,163352
AE,United Arab Emirates,,,,,,ChIJvRKrsd9IXj4RpwoIwFYv0zM,12/12/2020,-18,-1,-24,-33,-10,6,1154,2,156513
AE,United Arab Emirates,,,,,,ChIJvRKrsd9IXj4RpwoIwFYv0zM,12/13/2020,-12,3,-17,-30,-20,8,1194,8,143781
AE,United Arab Emirates,,,,,,ChIJvRKrsd9IXj4RpwoIwFYv0zM,12/14/2020,-15,-1,-22,-32,-20,8,1092,1,98562
AE,United Arab Emirates,,,,,,ChIJvRKrsd9IXj4RpwoIwFYv0zM,12/15/2020,-15,1,-22,-32,-21,8,1226,4,155176
AE,United Arab Emirates,,,,,,ChIJvRKrsd9IXj4RpwoIwFYv0zM,12/16/2020,-15,1,-23,-31,-20,8,1278,4,144174
AE,United Arab Emirates,,,,,,ChIJvRKrsd9IXj4RpwoIwFYv0zM,12/17/2020,-16,1,-22,-30,-20,9,1321,3,139909
AE,United Arab Emirates,,,,,,ChIJvRKrsd9IXj4RpwoIwFYv0zM,12/18/2020,-19,-1,-20,-30,-10,6,1284,1,144602
AE,United Arab Emirates,,,,,,ChIJvRKrsd9IXj4RpwoIwFYv0zM,12/19/2020,-17,-2,-22,-31,-10,6,1254,4,136132
AE,United Arab Emirates,,,,,,ChIJvRKrsd9IXj4RpwoIwFYv0zM,12/20/2020,-11,4,-15,-28,-21,8,1171,3,128562
AE,United Arab Emirates,,,,,,ChIJvRKrsd9IXj4RpwoIwFYv0zM,12/21/2020,-13,1,-20,-30,-21,8,1077,2,94911
AE,United Arab Emirates,,,,,,ChIJvRKrsd9IXj4RpwoIwFYv0zM,12/22/2020,-14,1,-21,-32,-22,8,1226,3,140051
AE,United Arab Emirates,,,,,,ChIJvRKrsd9IXj4RpwoIwFYv0zM,12/23/2020,-12,5,-21,-30,-21,8,1246,3,145523
AE,United Arab Emirates,,,,,,ChIJvRKrsd9IXj4RpwoIwFYv0zM,12/24/2020,-13,7,-21,-30,-23,9,1311,2,138914
AE,United Arab Emirates,,,,,,ChIJvRKrsd9IXj4RpwoIwFYv0zM,12/25/2020,-19,-4,-20,-32,-12,5,1230,6,143901
AE,United Arab Emirates,,,,,,ChIJvRKrsd9IXj4RpwoIwFYv0zM,12/26/2020,-16,-1,-22,-31,-11,5,1227,2,157461
AE,United Arab Emirates,,,,,,ChIJvRKrsd9IXj4RpwoIwFYv0zM,12/27/2020,-9,5,-16,-29,-22,8,944,2,152146
AE,United Arab Emirates,,,,,,ChIJvRKrsd9IXj4RpwoIwFYv0zM,12/28/2020,-10,4,-19,-31,-22,8,1027,3,100946
AE,United Arab Emirates,,,,,,ChIJvRKrsd9IXj4RpwoIwFYv0zM,12/29/2020,-10,4,-17,-32,-23,8,1506,2,153157
AE,United Arab Emirates,,,,,,ChIJvRKrsd9IXj4RpwoIwFYv0zM,12/30/2020,-7,9,-18,-29,-21,8,1723,3,150244
AE,United Arab Emirates,,,,,,ChIJvRKrsd9IXj4RpwoIwFYv0zM,12/31/2020,-10,11,3,-30,-25,10,1730,4,146721
AE,United Arab Emirates,,,,,,ChIJvRKrsd9IXj4RpwoIwFYv0zM,1/1/2021,-18,-2,-14,-31,-16,5,1856,2,145163
AE,United Arab Emirates,,,,,,ChIJvRKrsd9IXj4RpwoIwFYv0zM,1/2/2021,-16,2,-24,-32,-11,6,1963,3,152588
AE,United Arab Emirates,,,,,,ChIJvRKrsd9IXj4RpwoIwFYv0zM,1/3/2021,-12,6,-22,-28,-18,9,1590,5,125232
AE,United Arab Emirates,,,,,,ChIJvRKrsd9IXj4RpwoIwFYv0zM,1/4/2021,-16,2,-28,-31,-18,9,1501,3,116687
AE,United Arab Emirates,,,,,,ChIJvRKrsd9IXj4RpwoIwFYv0zM,1/5/2021,-17,1,-28,-32,-18,8,1967,3,153645
AE,United Arab Emirates,,,,,,ChIJvRKrsd9IXj4RpwoIwFYv0zM,1/6/2021,-16,2,-29,-31,-18,9,2067,4,156553
AE,United Arab Emirates,,,,,,ChIJvRKrsd9IXj4RpwoIwFYv0zM,1/7/2021,-17,1,-28,-32,-18,10,2988,5,163100
AE,United Arab Emirates,,,,,,ChIJvRKrsd9IXj4RpwoIwFYv0zM,1/8/2021,-19,0,-25,-32,-11,6,2950,3,166435
AE,United Arab Emirates,,,,,,ChIJvRKrsd9IXj4RpwoIwFYv0zM,1/9/2021,-17,0,-27,-31,-10,6,2998,5,168770
AE,United Arab Emirates,,,,,,ChIJvRKrsd9IXj4RpwoIwFYv0zM,1/10/2021,-14,4,-26,-28,-18,8,2876,6,171951
AE,United Arab Emirates,,,,,,ChIJvRKrsd9IXj4RpwoIwFYv0zM,1/11/2021,-17,1,-29,-31,-18,8,2404,3,133458
AE,United Arab Emirates,,,,,,ChIJvRKrsd9IXj4RpwoIwFYv0zM,1/12/2021,-18,-1,-29,-33,-19,8,3243,6,151480
AE,United Arab Emirates,,,,,,ChIJvRKrsd9IXj4RpwoIwFYv0zM,1/13/2021,-18,-1,-31,-34,-20,7,3362,6,134768
AE,United Arab Emirates,,,,,,ChIJvRKrsd9IXj4RpwoIwFYv0zM,1/14/2021,-19,-3,-28,-34,-23,7,3382,3,126625
AE,United Arab Emirates,,,,,,ChIJvRKrsd9IXj4RpwoIwFYv0zM,1/15/2021,-22,-6,-22,-36,-19,4,3407,7,131262
AE,United Arab Emirates,,,,,,ChIJvRKrsd9IXj4RpwoIwFYv0zM,1/16/2021,-21,-7,-29,-36,-18,5,3432,7,151096
AE,United Arab Emirates,,,,,,ChIJvRKrsd9IXj4RpwoIwFYv0zM,1/17/2021,-18,-3,-28,-34,-24,7,3453,5,162251
AE,United Arab Emirates,,,,,,ChIJvRKrsd9IXj4RpwoIwFYv0zM,1/18/2021,-21,-6,-31,-36,-24,8,3471,6,142388
AE,United Arab Emirates,,,,,,ChIJvRKrsd9IXj4RpwoIwFYv0zM,1/19/2021,-22,-7,-30,-37,-25,8,3491,5,163049
AE,United Arab Emirates,,,,,,ChIJvRKrsd9IXj4RpwoIwFYv0zM,1/20/2021,-22,-6,-31,-35,-24,8,3506,6,162945
AE,United Arab Emirates,,,,,,ChIJvRKrsd9IXj4RpwoIwFYv0zM,1/21/2021,-22,-6,-29,-35,-24,9,3529,4,163285
AE,United Arab Emirates,,,,,,ChIJvRKrsd9IXj4RpwoIwFYv0zM,1/22/2021,-24,-7,-24,-37,-17,6,3552,10,170694
AE,United Arab Emirates,,,,,,ChIJvRKrsd9IXj4RpwoIwFYv0zM,1/23/2021,-22,-7,-32,-36,-16,6,3566,7,174172
AE,United Arab Emirates,,,,,,ChIJvRKrsd9IXj4RpwoIwFYv0zM,1/24/2021,-19,-3,-28,-34,-23,9,3579,9,179117
AE,United Arab Emirates,,,,,,ChIJvRKrsd9IXj4RpwoIwFYv0zM,1/25/2021,-22,-6,-31,-35,-24,9,3591,6,140477
AE,United Arab Emirates,,,,,,ChIJvRKrsd9IXj4RpwoIwFYv0zM,1/26/2021,-21,-6,-31,-36,-25,9,3601,7,175249
AE,United Arab Emirates,,,,,,ChIJvRKrsd9IXj4RpwoIwFYv0zM,1/27/2021,-20,-3,-32,-35,-24,9,3939,6,174016
AE,United Arab Emirates,,,,,,ChIJvRKrsd9IXj4RpwoIwFYv0zM,1/28/2021,-18,0,-28,-34,-24,9,3966,8,168781
AE,United Arab Emirates,,,,,,ChIJvRKrsd9IXj4RpwoIwFYv0zM,1/29/2021,-20,0,-25,-35,-16,5,3962,7,180930
AE,United Arab Emirates,,,,,,ChIJvRKrsd9IXj4RpwoIwFYv0zM,1/30/2021,-16,1,-29,-34,-15,5,3647,12,183952
AE,United Arab Emirates,,,,,,ChIJvRKrsd9IXj4RpwoIwFYv0zM,1/31/2021,-14,6,-29,-33,-22,7,2948,12,184260
AE,United Arab Emirates,,,,,,ChIJvRKrsd9IXj4RpwoIwFYv0zM,2/1/2021,-16,3,-31,-35,-24,8,2730,9,127572
AE,United Arab Emirates,,,,,,ChIJvRKrsd9IXj4RpwoIwFYv0zM,2/2/2021,-16,3,-30,-36,-24,8,3310,7,181635
AE,United Arab Emirates,,,,,,ChIJvRKrsd9IXj4RpwoIwFYv0zM,2/3/2021,-19,-2,-33,-38,-24,8,3977,12,173952
AE,United Arab Emirates,,,,,,ChIJvRKrsd9IXj4RpwoIwFYv0zM,2/4/2021,-21,-3,-31,-38,-25,9,3249,10,156472
AE,United Arab Emirates,,,,,,ChIJvRKrsd9IXj4RpwoIwFYv0zM,2/5/2021,-23,-3,-26,-38,-18,5,3251,14,148574
AE,United Arab Emirates,,,,,,ChIJvRKrsd9IXj4RpwoIwFYv0zM,2/6/2021,-21,-4,-30,-38,-16,5,3276,12,150706
AE,United Arab Emirates,,,,,,ChIJvRKrsd9IXj4RpwoIwFYv0zM,2/7/2021,-18,-2,-29,-37,-24,8,3093,7,192241
AE,United Arab Emirates,,,,,,ChIJvRKrsd9IXj4RpwoIwFYv0zM,2/8/2021,-19,-3,-32,-37,-25,8,2798,9,148587
AE,United Arab Emirates,,,,,,ChIJvRKrsd9IXj4RpwoIwFYv0zM,2/9/2021,-18,1,-30,-36,-25,8,3310,17,165796
AE,United Arab Emirates,,,,,,ChIJvRKrsd9IXj4RpwoIwFYv0zM,2/10/2021,-18,1,-31,-35,-24,8,3539,9,166879
AE,United Arab Emirates,,,,,,ChIJvRKrsd9IXj4RpwoIwFYv0zM,2/11/2021,-18,1,-28,-35,-24,9,3525,18,180340
AE,United Arab Emirates,,,,,,ChIJvRKrsd9IXj4RpwoIwFYv0zM,2/12/2021,-20,-1,-24,-35,-16,5,3307,12,164551
AE,United Arab Emirates,,,,,,ChIJvRKrsd9IXj4RpwoIwFYv0zM,2/13/2021,-16,0,-28,-34,-15,5,2631,15,184981
AE,United Arab Emirates,,,,,,ChIJvRKrsd9IXj4RpwoIwFYv0zM,2/14/2021,-9,7,-23,-32,-22,8,3167,13,207432
AE,United Arab Emirates,,,,,,ChIJvRKrsd9IXj4RpwoIwFYv0zM,2/15/2021,-16,1,-29,-34,-24,8,3123,13,162774
AE,United Arab Emirates,,,,,,ChIJvRKrsd9IXj4RpwoIwFYv0zM,2/16/2021,-16,2,-26,-35,-24,8,3236,14,193163
AE,United Arab Emirates,,,,,,ChIJvRKrsd9IXj4RpwoIwFYv0zM,2/17/2021,-15,4,-27,-33,-23,8,3452,14,185502
AE,United Arab Emirates,,,,,,ChIJvRKrsd9IXj4RpwoIwFYv0zM,2/18/2021,-16,4,-24,-32,-23,9,3294,18,171667
AE,United Arab Emirates,,,,,,ChIJvRKrsd9IXj4RpwoIwFYv0zM,2/19/2021,-19,2,-20,-33,-14,5,3140,20,169526
AE,United Arab Emirates,,,,,,ChIJvRKrsd9IXj4RpwoIwFYv0zM,2/20/2021,-16,3,-25,-32,-13,5,3158,15,165357
AE,United Arab Emirates,,,,,,ChIJvRKrsd9IXj4RpwoIwFYv0zM,2/21/2021,-12,6,-23,-30,-21,7,2250,17,197701
AE,United Arab Emirates,,,,,,ChIJvRKrsd9IXj4RpwoIwFYv0zM,2/22/2021,-16,2,-28,-33,-21,8,2105,15,156430
AE,United Arab Emirates,,,,,,ChIJvRKrsd9IXj4RpwoIwFYv0zM,2/23/2021,-16,2,-27,-33,-21,8,3005,5,175284
AE,United Arab Emirates,,,,,,ChIJvRKrsd9IXj4RpwoIwFYv0zM,2/24/2021,-15,3,-28,-33,-21,8,3102,19,179229
AE,United Arab Emirates,,,,,,ChIJvRKrsd9IXj4RpwoIwFYv0zM,2/25/2021,-13,6,-24,-31,-21,8,3025,18,195866
AE,United Arab Emirates,,,,,,ChIJvRKrsd9IXj4RpwoIwFYv0zM,2/26/2021,-16,5,-21,-32,-13,5,3498,16,187176
AE,United Arab Emirates,,,,,,ChIJvRKrsd9IXj4RpwoIwFYv0zM,2/27/2021,-12,8,-25,-30,-12,4,3434,15,185599
AE,United Arab Emirates,,,,,,ChIJvRKrsd9IXj4RpwoIwFYv0zM,2/28/2021,-8,14,-23,-27,-19,6,2930,8,226139
AE,United Arab Emirates,,,,,,ChIJvRKrsd9IXj4RpwoIwFYv0zM,3/1/2021,-11,11,-26,-29,-20,7,2526,17,175033
AE,United Arab Emirates,,,,,,ChIJvRKrsd9IXj4RpwoIwFYv0zM,3/2/2021,-11,12,-25,-30,-21,7,2721,15,225159
AE,United Arab Emirates,,,,,,ChIJvRKrsd9IXj4RpwoIwFYv0zM,3/3/2021,-11,11,-27,-30,-20,7,2692,16,218351
AE,United Arab Emirates,,,,,,ChIJvRKrsd9IXj4RpwoIwFYv0zM,3/4/2021,-11,10,-23,-29,-20,8,2742,17,235797
AE,United Arab Emirates,,,,,,ChIJvRKrsd9IXj4RpwoIwFYv0zM,3/5/2021,-13,9,-20,-29,-13,5,3072,10,242742
AE,United Arab Emirates,,,,,,ChIJvRKrsd9IXj4RpwoIwFYv0zM,3/6/2021,-11,9,-24,-29,-12,4,2959,14,242159
AE,United Arab Emirates,,,,,,ChIJvRKrsd9IXj4RpwoIwFYv0zM,3/7/2021,-8,12,-22,-27,-19,7,2613,12,234763
AE,United Arab Emirates,,,,,,ChIJvRKrsd9IXj4RpwoIwFYv0zM,3/8/2021,-11,8,-26,-30,-20,7,2483,13,181571
AE,United Arab Emirates,,,,,,ChIJvRKrsd9IXj4RpwoIwFYv0zM,3/9/2021,-12,8,-24,-30,-20,7,2373,10,219593
AE,United Arab Emirates,,,,,,ChIJvRKrsd9IXj4RpwoIwFYv0zM,3/10/2021,-11,10,-26,-28,-19,7,2204,8,242026
AE,United Arab Emirates,,,,,,ChIJvRKrsd9IXj4RpwoIwFYv0zM,3/11/2021,-12,10,-22,-27,-19,8,2087,16,225489
AE,United Arab Emirates,,,,,,ChIJvRKrsd9IXj4RpwoIwFYv0zM,3/12/2021,-13,8,-20,-30,-12,5,2250,9,239525
AE,United Arab Emirates,,,,,,ChIJvRKrsd9IXj4RpwoIwFYv0zM,3/13/2021,-11,9,-26,-29,-11,4,2159,10,244459
AE,United Arab Emirates,,,,,,ChIJvRKrsd9IXj4RpwoIwFYv0zM,3/14/2021,-8,13,-21,-26,-18,7,1992,7,232901
AE,United Arab Emirates,,,,,,ChIJvRKrsd9IXj4RpwoIwFYv0zM,3/15/2021,-11,9,-25,-28,-18,7,1898,7,205579
AE,United Arab Emirates,,,,,,ChIJvRKrsd9IXj4RpwoIwFYv0zM,3/16/2021,-12,9,-23,-28,-19,7,2018,4,208085
AE,United Arab Emirates,,,,,,ChIJvRKrsd9IXj4RpwoIwFYv0zM,3/17/2021,-11,10,-25,-27,-17,7,2051,8,236988
AE,United Arab Emirates,,,,,,ChIJvRKrsd9IXj4RpwoIwFYv0zM,3/18/2021,-11,10,-22,-26,-17,8,2101,10,198328
AE,United Arab Emirates,,,,,,ChIJvRKrsd9IXj4RpwoIwFYv0zM,3/19/2021,-13,9,-20,-28,-10,5,2160,4,239268
AE,United Arab Emirates,,,,,,ChIJvRKrsd9IXj4RpwoIwFYv0zM,3/20/2021,-11,9,-23,-26,-9,4,2013,5,240035
AE,United Arab Emirates,,,,,,ChIJvRKrsd9IXj4RpwoIwFYv0zM,3/21/2021,-7,14,-21,-24,-16,7,1717,5,237479
AE,United Arab Emirates,,,,,,ChIJvRKrsd9IXj4RpwoIwFYv0zM,3/22/2021,-11,9,-24,-27,-17,7,1871,7,185531
AE,United Arab Emirates,,,,,,ChIJvRKrsd9IXj4RpwoIwFYv0zM,3/23/2021,-11,8,-23,-28,-17,7,2172,6,209079
AE,United Arab Emirates,,,,,,ChIJvRKrsd9IXj4RpwoIwFYv0zM,3/24/2021,-10,10,-25,-26,-17,7,2196,5,226275
AE,United Arab Emirates,,,,,,ChIJvRKrsd9IXj4RpwoIwFYv0zM,3/25/2021,-9,13,-22,-25,-19,8,2043,10,235564
AE,United Arab Emirates,,,,,,ChIJvRKrsd9IXj4RpwoIwFYv0zM,3/26/2021,-12,9,-23,-26,-10,5,2128,6,236782
AE,United Arab Emirates,,,,,,ChIJvRKrsd9IXj4RpwoIwFYv0zM,3/27/2021,-8,11,-23,-25,-9,4,2304,5,248372
AE,United Arab Emirates,,,,,,ChIJvRKrsd9IXj4RpwoIwFYv0zM,3/28/2021,-4,17,-17,-23,-18,6,2128,4,230734
AE,United Arab Emirates,,,,,,ChIJvRKrsd9IXj4RpwoIwFYv0zM,3/29/2021,-6,14,-20,-25,-19,7,1874,5,167309
AE,United Arab Emirates,,,,,,ChIJvRKrsd9IXj4RpwoIwFYv0zM,3/30/2021,-6,14,-19,-24,-19,6,2289,6,223799
AE,United Arab Emirates,,,,,,ChIJvRKrsd9IXj4RpwoIwFYv0zM,3/31/2021,-4,16,-20,-22,-19,6,2084,5,244422
AE,United Arab Emirates,,,,,,ChIJvRKrsd9IXj4RpwoIwFYv0zM,4/1/2021,-6,16,-19,-22,-18,7,2315,2,237240
AE,United Arab Emirates,,,,,,ChIJvRKrsd9IXj4RpwoIwFYv0zM,4/2/2021,-9,14,-20,-24,-9,4,2180,3,244357
AE,United Arab Emirates,,,,,,ChIJvRKrsd9IXj4RpwoIwFYv0zM,4/3/2021,-5,17,-21,-23,-8,3,2084,2,252243
AE,United Arab Emirates,,,,,,ChIJvRKrsd9IXj4RpwoIwFYv0zM,4/4/2021,1,23,-12,-20,-20,6,2113,6,260445
AE,United Arab Emirates,,,,,,ChIJvRKrsd9IXj4RpwoIwFYv0zM,4/5/2021,-4,17,-17,-23,-18,6,2012,2,195573
AE,United Arab Emirates,,,,,,ChIJvRKrsd9IXj4RpwoIwFYv0zM,4/6/2021,-4,16,-16,-24,-18,6,1988,4,254944
AE,United Arab Emirates,,,,,,ChIJvRKrsd9IXj4RpwoIwFYv0zM,4/7/2021,-4,17,-17,-23,-18,6,1883,4,243759
AE,United Arab Emirates,,,,,,ChIJvRKrsd9IXj4RpwoIwFYv0zM,4/8/2021,-5,16,-16,-21,-18,7,2112,3,249014
AE,United Arab Emirates,,,,,,ChIJvRKrsd9IXj4RpwoIwFYv0zM,4/9/2021,-9,14,-18,-24,-8,4,1875,3,247634
AE,United Arab Emirates,,,,,,ChIJvRKrsd9IXj4RpwoIwFYv0zM,4/10/2021,-5,16,-21,-23,-7,3,1931,3,237130
AE,United Arab Emirates,,,,,,ChIJvRKrsd9IXj4RpwoIwFYv0zM,4/11/2021,-1,23,-17,-20,-15,5,1810,2,242415
AE,United Arab Emirates,,,,,,ChIJvRKrsd9IXj4RpwoIwFYv0zM,4/12/2021,-2,30,-24,-23,-15,5,1928,2,193896
AE,United Arab Emirates,,,,,,ChIJvRKrsd9IXj4RpwoIwFYv0zM,4/13/2021,-21,22,-33,-29,-18,13,2022,4,266023
AE,United Arab Emirates,,,,,,ChIJvRKrsd9IXj4RpwoIwFYv0zM,4/14/2021,-20,15,-32,-28,-18,13,1798,4,256181
AE,United Arab Emirates,,,,,,ChIJvRKrsd9IXj4RpwoIwFYv0zM,4/15/2021,-20,12,-30,-28,-17,14,1928,4,225031
AE,United Arab Emirates,,,,,,ChIJvRKrsd9IXj4RpwoIwFYv0zM,4/16/2021,-25,6,-42,-36,-9,10,1843,2,198135
AE,United Arab Emirates,,,,,,ChIJvRKrsd9IXj4RpwoIwFYv0zM,4/17/2021,-19,10,-32,-30,-8,10,1958,3,214765
AE,United Arab Emirates,,,,,,ChIJvRKrsd9IXj4RpwoIwFYv0zM,4/18/2021,-14,18,-23,-25,-15,12,1930,4,203347
AE,United Arab Emirates,,,,,,ChIJvRKrsd9IXj4RpwoIwFYv0zM,4/19/2021,-17,15,-27,-28,-16,13,1803,2,141862
AE,United Arab Emirates,,,,,,ChIJvRKrsd9IXj4RpwoIwFYv0zM,4/20/2021,-16,15,-26,-28,-16,13,1903,3,192238
AE,United Arab Emirates,,,,,,ChIJvRKrsd9IXj4RpwoIwFYv0zM,4/21/2021,-16,15,-28,-27,-16,13,1931,2,191886
AE,United Arab Emirates,,,,,,ChIJvRKrsd9IXj4RpwoIwFYv0zM,4/22/2021,-17,13,-26,-28,-16,14,2081,4,203232
AE,United Arab Emirates,,,,,,ChIJvRKrsd9IXj4RpwoIwFYv0zM,4/23/2021,-23,6,-39,-35,-8,10,1973,2,202068
AE,United Arab Emirates,,,,,,ChIJvRKrsd9IXj4RpwoIwFYv0zM,4/24/2021,-18,9,-31,-28,-7,10,2080,2,212779
AE,United Arab Emirates,,,,,,ChIJvRKrsd9IXj4RpwoIwFYv0zM,4/25/2021,-12,18,-22,-27,-14,12,1813,2,205321
AE,United Arab Emirates,,,,,,ChIJvRKrsd9IXj4RpwoIwFYv0zM,4/26/2021,-14,16,-25,-29,-15,13,1759,2,160390
AE,United Arab Emirates,,,,,,ChIJvRKrsd9IXj4RpwoIwFYv0zM,4/27/2021,-14,17,-26,-30,-15,12,2094,5,185007
AE,United Arab Emirates,,,,,,ChIJvRKrsd9IXj4RpwoIwFYv0zM,4/28/2021,-13,19,-28,-29,-15,12,1710,2,195166
AE,United Arab Emirates,,,,,,ChIJvRKrsd9IXj4RpwoIwFYv0zM,4/29/2021,-12,18,-26,-27,-15,13,1961,4,193693
AE,United Arab Emirates,,,,,,ChIJvRKrsd9IXj4RpwoIwFYv0zM,4/30/2021,-17,14,-38,-33,-6,9,1974,3,204093
AE,United Arab Emirates,,,,,,ChIJvRKrsd9IXj4RpwoIwFYv0zM,5/1/2021,-11,18,-28,-29,-7,9,1712,4,202881
AE,United Arab Emirates,,,,,,ChIJvRKrsd9IXj4RpwoIwFYv0zM,5/2/2021,-7,25,-19,-25,-15,12,1847,2,205625
AE,United Arab Emirates,,,,,,ChIJvRKrsd9IXj4RpwoIwFYv0zM,5/3/2021,-9,23,-26,-27,-15,12,1772,3,156940
AE,United Arab Emirates,,,,,,ChIJvRKrsd9IXj4RpwoIwFYv0zM,5/4/2021,-10,22,-27,-27,-16,12,1699,2,179453
AE,United Arab Emirates,,,,,,ChIJvRKrsd9IXj4RpwoIwFYv0zM,5/5/2021,-9,23,-28,-27,-15,12,1954,3,204724
AE,United Arab Emirates,,,,,,ChIJvRKrsd9IXj4RpwoIwFYv0zM,5/6/2021,-11,20,-28,-27,-16,13,1724,3,196777
AE,United Arab Emirates,,,,,,ChIJvRKrsd9IXj4RpwoIwFYv0zM,5/7/2021,-16,15,-42,-33,-5,9,1766,3,211462
AE,United Arab Emirates,,,,,,ChIJvRKrsd9IXj4RpwoIwFYv0zM,5/8/2021,-12,16,-33,-30,-6,9,1735,3,200648
AE,United Arab Emirates,,,,,,ChIJvRKrsd9IXj4RpwoIwFYv0zM,5/9/2021,-3,27,-23,-25,-14,11,1572,3,203147
AE,United Arab Emirates,,,,,,ChIJvRKrsd9IXj4RpwoIwFYv0zM,5/10/2021,0,30,-23,-24,-15,10,1507,2,142603
AE,United Arab Emirates,,,,,,ChIJvRKrsd9IXj4RpwoIwFYv0zM,5/11/2021,6,45,-19,-33,-48,17,1614,2,177688
AE,United Arab Emirates,,,,,,ChIJvRKrsd9IXj4RpwoIwFYv0zM,5/12/2021,9,57,-15,-34,-58,20,1508,2,210362
AE,United Arab Emirates,,,,,,ChIJvRKrsd9IXj4RpwoIwFYv0zM,5/13/2021,0,24,20,-31,-69,21,1512,4,212212
AE,United Arab Emirates,,,,,,ChIJvRKrsd9IXj4RpwoIwFYv0zM,5/14/2021,-4,14,-13,-26,-18,5,1452,3,186370
AE,United Arab Emirates,,,,,,ChIJvRKrsd9IXj4RpwoIwFYv0zM,5/15/2021,-6,17,-23,-33,-29,10,1321,3,161182
AE,United Arab Emirates,,,,,,ChIJvRKrsd9IXj4RpwoIwFYv0zM,5/16/2021,-4,24,-23,-24,-11,7,1251,2,103918
AE,United Arab Emirates,,,,,,ChIJvRKrsd9IXj4RpwoIwFYv0zM,5/17/2021,-6,21,-27,-26,-12,8,1229,2,141947
AE,United Arab Emirates,,,,,,ChIJvRKrsd9IXj4RpwoIwFYv0zM,5/18/2021,-6,21,-26,-27,-13,8,1270,4,202184
AE,United Arab Emirates,,,,,,ChIJvRKrsd9IXj4RpwoIwFYv0zM,5/19/2021,-6,20,-28,-28,-12,8,1348,2,249847
AE,United Arab Emirates,,,,,,ChIJvRKrsd9IXj4RpwoIwFYv0zM,5/20/2021,-5,20,-27,-29,-11,9,1401,3,244880
AE,United Arab Emirates,,,,,,ChIJvRKrsd9IXj4RpwoIwFYv0zM,5/21/2021,-10,15,-36,-36,-4,8,1490,2,241630
AE,United Arab Emirates,,,,,,ChIJvRKrsd9IXj4RpwoIwFYv0zM,5/22/2021,-7,17,-33,-30,-2,6,1596,4,224887
AE,United Arab Emirates,,,,,,ChIJvRKrsd9IXj4RpwoIwFYv0zM,5/23/2021,-4,21,-26,-25,-10,8,1591,3,236993
AE,United Arab Emirates,,,,,,ChIJvRKrsd9IXj4RpwoIwFYv0zM,5/24/2021,-7,18,-29,-28,-11,8,1512,3,178528
AE,United Arab Emirates,,,,,,ChIJvRKrsd9IXj4RpwoIwFYv0zM,5/25/2021,-7,19,-28,-28,-11,8,1672,4,224002
AE,United Arab Emirates,,,,,,ChIJvRKrsd9IXj4RpwoIwFYv0zM,5/26/2021,-5,20,-30,-28,-11,8,1757,3,225954
AE,United Arab Emirates,,,,,,ChIJvRKrsd9IXj4RpwoIwFYv0zM,5/27/2021,-1,24,-28,-25,-10,8,2167,3,225957
AE,United Arab Emirates,,,,,,ChIJvRKrsd9IXj4RpwoIwFYv0zM,5/28/2021,-5,20,-38,-30,-3,6,2236,4,239852
AE,United Arab Emirates,,,,,,ChIJvRKrsd9IXj4RpwoIwFYv0zM,5/29/2021,-1,25,-33,-26,-1,5,1812,5,204487
AE,United Arab Emirates,,,,,,ChIJvRKrsd9IXj4RpwoIwFYv0zM,5/30/2021,0,28,-26,-24,-8,7,1810,4,242981
AE,United Arab Emirates,,,,,,ChIJvRKrsd9IXj4RpwoIwFYv0zM,5/31/2021,-2,25,-30,-26,-9,7,1763,3,189946
AE,United Arab Emirates,,,,,,ChIJvRKrsd9IXj4RpwoIwFYv0zM,6/1/2021,-1,28,-28,-25,-10,7,1968,4,215689
AE,United Arab Emirates,,,,,,ChIJvRKrsd9IXj4RpwoIwFYv0zM,6/2/2021,-1,27,-30,-26,-10,7,2154,2,218977
AE,United Arab Emirates,,,,,,ChIJvRKrsd9IXj4RpwoIwFYv0zM,6/3/2021,-1,26,-31,-25,-9,8,1989,3,230728
AE,United Arab Emirates,,,,,,ChIJvRKrsd9IXj4RpwoIwFYv0zM,6/4/2021,-6,22,-43,-31,-4,7,2062,2,233038
AE,United Arab Emirates,,,,,,ChIJvRKrsd9IXj4RpwoIwFYv0zM,6/5/2021,-3,24,-36,-28,-1,6,2188,5,246510
AE,United Arab Emirates,,,,,,ChIJvRKrsd9IXj4RpwoIwFYv0zM,6/6/2021,-1,27,-29,-25,-8,7,1874,3,231928
AE,United Arab Emirates,,,,,,ChIJvRKrsd9IXj4RpwoIwFYv0zM,6/7/2021,-4,23,-32,-27,-9,8,1968,3,208090
AE,United Arab Emirates,,,,,,ChIJvRKrsd9IXj4RpwoIwFYv0zM,6/8/2021,-4,24,-31,-27,-10,8,2205,2,209026
AE,United Arab Emirates,,,,,,ChIJvRKrsd9IXj4RpwoIwFYv0zM,6/9/2021,-3,23,-32,-27,-9,8,2179,6,254412
AE,United Arab Emirates,,,,,,ChIJvRKrsd9IXj4RpwoIwFYv0zM,6/10/2021,-2,24,-32,-26,-9,8,0,0,240744
AE,United Arab Emirates,,,,,,ChIJvRKrsd9IXj4RpwoIwFYv0zM,6/11/2021,-8,19,-43,-33,-5,7,4471,10,225651
AE,United Arab Emirates,,,,,,ChIJvRKrsd9IXj4RpwoIwFYv0zM,6/12/2021,-6,20,-37,-30,-4,6,2123,4,249746
AE,United Arab Emirates,,,,,,ChIJvRKrsd9IXj4RpwoIwFYv0zM,6/13/2021,-3,23,-29,-26,-10,7,1969,2,217849
AE,United Arab Emirates,,,,,,ChIJvRKrsd9IXj4RpwoIwFYv0zM,6/14/2021,-5,22,-32,-28,-11,7,1837,4,237439
AE,United Arab Emirates,,,,,,ChIJvRKrsd9IXj4RpwoIwFYv0zM,6/15/2021,-6,20,-31,-28,-10,7,2127,4,229143
AE,United Arab Emirates,,,,,,ChIJvRKrsd9IXj4RpwoIwFYv0zM,6/16/2021,-5,20,-31,-28,-11,7,2011,4,227684
AE,United Arab Emirates,,,,,,ChIJvRKrsd9IXj4RpwoIwFYv0zM,6/17/2021,-7,18,-33,-29,-12,7,2167,3,243844
AE,United Arab Emirates,,,,,,ChIJvRKrsd9IXj4RpwoIwFYv0zM,6/18/2021,-12,13,-44,-35,-8,7,1942,6,253077
AE,United Arab Emirates,,,,,,ChIJvRKrsd9IXj4RpwoIwFYv0zM,6/19/2021,-9,14,-39,-31,-6,5,2109,5,267968
AE,United Arab Emirates,,,,,,ChIJvRKrsd9IXj4RpwoIwFYv0zM,6/20/2021,-5,20,-31,-27,-12,7,1850,5,266926
AE,United Arab Emirates,,,,,,ChIJvRKrsd9IXj4RpwoIwFYv0zM,6/21/2021,-8,16,-35,-30,-13,7,1964,6,231497
AE,United Arab Emirates,,,,,,ChIJvRKrsd9IXj4RpwoIwFYv0zM,6/22/2021,-8,16,-33,-30,-12,7,2167,4,274675
AE,United Arab Emirates,,,,,,ChIJvRKrsd9IXj4RpwoIwFYv0zM,6/23/2021,-8,16,-35,-29,-12,7,1988,6,249333
AE,United Arab Emirates,,,,,,ChIJvRKrsd9IXj4RpwoIwFYv0zM,6/24/2021,-6,18,-34,-28,-11,8,2161,2,282345
AE,United Arab Emirates,,,,,,ChIJvRKrsd9IXj4RpwoIwFYv0zM,6/25/2021,-12,13,-45,-35,-7,7,2223,7,293212
AE,United Arab Emirates,,,,,,ChIJvRKrsd9IXj4RpwoIwFYv0zM,6/26/2021,-7,16,-38,-30,-4,5,2282,10,274917
AE,United Arab Emirates,,,,,,ChIJvRKrsd9IXj4RpwoIwFYv0zM,6/27/2021,-3,22,-30,-26,-10,6,2122,4,266342
AE,United Arab Emirates,,,,,,ChIJvRKrsd9IXj4RpwoIwFYv0zM,6/28/2021,-5,20,-33,-28,-11,6,2040,6,232544
AE,United Arab Emirates,,,,,,ChIJvRKrsd9IXj4RpwoIwFYv0zM,6/29/2021,-7,18,-34,-29,-12,6,2184,5,281043
AE,United Arab Emirates,,,,,,ChIJvRKrsd9IXj4RpwoIwFYv0zM,6/30/2021,-4,22,-35,-28,-12,5,1747,4,302318
AE,United Arab Emirates,,,,,,ChIJvRKrsd9IXj4RpwoIwFYv0zM,7/1/2021,-2,25,-35,-23,-12,7,1675,8,291003
AE,United Arab Emirates,,,,,,ChIJvRKrsd9IXj4RpwoIwFYv0zM,7/2/2021,-7,19,-46,-29,-6,6,1663,6,283661
AE,United Arab Emirates,,,,,,ChIJvRKrsd9IXj4RpwoIwFYv0zM,7/3/2021,-4,22,-39,-25,-4,5,1632,6,291676
AE,United Arab Emirates,,,,,,ChIJvRKrsd9IXj4RpwoIwFYv0zM,7/4/2021,-1,27,-31,-23,-12,6,1599,3,254639
AE,United Arab Emirates,,,,,,ChIJvRKrsd9IXj4RpwoIwFYv0zM,7/5/2021,-4,23,-34,-26,-12,7,1573,5,239366
AE,United Arab Emirates,,,,,,ChIJvRKrsd9IXj4RpwoIwFYv0zM,7/6/2021,-4,23,-34,-27,-13,7,1552,4,258483
AE,United Arab Emirates,,,,,,ChIJvRKrsd9IXj4RpwoIwFYv0zM,7/7/2021,-4,22,-35,-26,-13,7,1513,4,287544
AE,United Arab Emirates,,,,,,ChIJvRKrsd9IXj4RpwoIwFYv0zM,7/8/2021,-4,22,-35,-26,-13,8,1539,2,283327
AE,United Arab Emirates,,,,,,ChIJvRKrsd9IXj4RpwoIwFYv0zM,7/9/2021,-10,16,-48,-31,-5,7,1529,4,290542
AE,United Arab Emirates,,,,,,ChIJvRKrsd9IXj4RpwoIwFYv0zM,7/10/2021,-6,19,-40,-26,-4,5,1520,7,299363
AE,United Arab Emirates,,,,,,ChIJvRKrsd9IXj4RpwoIwFYv0zM,7/11/2021,-3,23,-33,-25,-13,7,1518,6,280747
AE,United Arab Emirates,,,,,,ChIJvRKrsd9IXj4RpwoIwFYv0zM,7/12/2021,-6,20,-36,-27,-15,7,1542,4,238114
AE,United Arab Emirates,,,,,,ChIJvRKrsd9IXj4RpwoIwFYv0zM,7/13/2021,-6,21,-35,-27,-15,7,1522,6,263784
AE,United Arab Emirates,,,,,,ChIJvRKrsd9IXj4RpwoIwFYv0zM,7/14/2021,-5,22,-37,-27,-14,7,1529,4,286676
AE,United Arab Emirates,,,,,,ChIJvRKrsd9IXj4RpwoIwFYv0zM,7/15/2021,-6,20,-38,-26,-14,8,1541,5,284799
AE,United Arab Emirates,,,,,,ChIJvRKrsd9IXj4RpwoIwFYv0zM,7/16/2021,-13,14,-49,-31,-3,7,1530,7,288895
AE,United Arab Emirates,,,,,,ChIJvRKrsd9IXj4RpwoIwFYv0zM,7/17/2021,-7,16,-38,-27,-3,4,1565,4,299275
AE,United Arab Emirates,,,,,,ChIJvRKrsd9IXj4RpwoIwFYv0zM,7/18/2021,6,33,-29,-22,-16,5,1529,2,265482
AE,United Arab Emirates,,,,,,ChIJvRKrsd9IXj4RpwoIwFYv0zM,7/19/2021,2,44,-35,-36,-56,18,1508,2,227582
AE,United Arab Emirates,,,,,,ChIJvRKrsd9IXj4RpwoIwFYv0zM,7/20/2021,-4,23,-2,-36,-72,20,1541,4,255986
AE,United Arab Emirates,,,,,,ChIJvRKrsd9IXj4RpwoIwFYv0zM,7/21/2021,-2,23,-3,-40,-68,20,1506,3,242524
AE,United Arab Emirates,,,,,,ChIJvRKrsd9IXj4RpwoIwFYv0zM,7/22/2021,-12,11,-21,-44,-59,21,1547,3,164110
AE,United Arab Emirates,,,,,,ChIJvRKrsd9IXj4RpwoIwFYv0zM,7/23/2021,-23,-2,-45,-40,-6,8,1521,3,152302
AE,United Arab Emirates,,,,,,ChIJvRKrsd9IXj4RpwoIwFYv0zM,7/24/2021,-17,5,-43,-33,-5,6,1507,3,189046
AE,United Arab Emirates,,,,,,ChIJvRKrsd9IXj4RpwoIwFYv0zM,7/25/2021,-10,14,-34,-29,-14,8,1528,4,232307
AE,United Arab Emirates,,,,,,ChIJvRKrsd9IXj4RpwoIwFYv0zM,7/26/2021,-11,13,-37,-31,-15,8,1549,7,232389
AE,United Arab Emirates,,,,,,ChIJvRKrsd9IXj4RpwoIwFYv0zM,7/27/2021,-10,15,-36,-32,-15,7,1539,2,296686
AE,United Arab Emirates,,,,,,ChIJvRKrsd9IXj4RpwoIwFYv0zM,7/28/2021,-9,15,-37,-31,-14,7,1527,5,305880
AE,United Arab Emirates,,,,,,ChIJvRKrsd9IXj4RpwoIwFYv0zM,7/29/2021,-10,15,-39,-30,-14,8,1550,5,302236
AE,United Arab Emirates,,,,,,ChIJvRKrsd9IXj4RpwoIwFYv0zM,7/30/2021,-17,8,-51,-37,-2,7,1520,4,297815
AE,United Arab Emirates,,,,,,ChIJvRKrsd9IXj4RpwoIwFYv0zM,7/31/2021,-11,13,-44,-30,-3,5,1537,6,300637
AE,United Arab Emirates,,,,,,ChIJvRKrsd9IXj4RpwoIwFYv0zM,8/1/2021,-5,21,-34,-27,-14,7,1519,2,284403
AE,United Arab Emirates,,,,,,ChIJvRKrsd9IXj4RpwoIwFYv0zM,8/2/2021,-8,18,-37,-30,-15,7,1537,5,266834
AE,United Arab Emirates,,,,,,ChIJvRKrsd9IXj4RpwoIwFYv0zM,8/3/2021,-8,18,-36,-30,-15,7,1548,4,234765
AE,United Arab Emirates,,,,,,ChIJvRKrsd9IXj4RpwoIwFYv0zM,8/4/2021,-8,17,-37,-30,-15,7,1519,5,191032
AE,United Arab Emirates,,,,,,ChIJvRKrsd9IXj4RpwoIwFYv0zM,8/5/2021,-9,16,-39,-30,-14,8,1508,2,167804
AE,United Arab Emirates,,,,,,ChIJvRKrsd9IXj4RpwoIwFYv0zM,8/6/2021,-15,10,-51,-35,-4,7,1520,2,273251
AE,United Arab Emirates,,,,,,ChIJvRKrsd9IXj4RpwoIwFYv0zM,8/7/2021,-11,13,-43,-31,-4,5,1545,2,277994
AE,United Arab Emirates,,,,,,ChIJvRKrsd9IXj4RpwoIwFYv0zM,8/8/2021,-6,18,-34,-27,-14,7,1410,4,274480
AE,United Arab Emirates,,,,,,ChIJvRKrsd9IXj4RpwoIwFYv0zM,8/9/2021,-8,16,-38,-29,-15,7,1321,3,233245
AE,United Arab Emirates,,,,,,ChIJvRKrsd9IXj4RpwoIwFYv0zM,8/10/2021,-8,16,-37,-28,-15,7,1334,4,260783
AE,United Arab Emirates,,,,,,ChIJvRKrsd9IXj4RpwoIwFYv0zM,8/11/2021,-2,22,-36,-25,-15,5,1287,6,318383
AE,United Arab Emirates,,,,,,ChIJvRKrsd9IXj4RpwoIwFYv0zM,8/12/2021,-7,21,-36,-41,-55,20,1260,4,321439
AE,United Arab Emirates,,,,,,ChIJvRKrsd9IXj4RpwoIwFYv0zM,8/13/2021,-17,7,-49,-36,-7,7,1215,2,277855
AE,United Arab Emirates,,,,,,ChIJvRKrsd9IXj4RpwoIwFYv0zM,8/14/2021,-12,11,-43,-30,-6,5,1206,3,321610
AE,United Arab Emirates,,,,,,ChIJvRKrsd9IXj4RpwoIwFYv0zM,8/15/2021,-6,18,-35,-25,-14,7,1189,4,218163
AE,United Arab Emirates,,,,,,ChIJvRKrsd9IXj4RpwoIwFYv0zM,8/16/2021,-9,15,-38,-28,-16,7,1109,2,249792
AE,United Arab Emirates,,,,,,ChIJvRKrsd9IXj4RpwoIwFYv0zM,8/17/2021,-8,17,-36,-28,-16,7,1115,3,247213
AE,United Arab Emirates,,,,,,ChIJvRKrsd9IXj4RpwoIwFYv0zM,8/18/2021,-9,16,-36,-28,-15,7,1089,3,327616
AE,United Arab Emirates,,,,,,ChIJvRKrsd9IXj4RpwoIwFYv0zM,8/19/2021,-9,17,-38,-28,-15,8,1077,3,318348
AE,United Arab Emirates,,,,,,ChIJvRKrsd9IXj4RpwoIwFYv0zM,8/20/2021,-15,12,-48,-33,-5,7,1070,2,311295
AE,United Arab Emirates,,,,,,ChIJvRKrsd9IXj4RpwoIwFYv0zM,8/21/2021,-9,14,-39,-28,-8,5,1066,4,301430
AE,United Arab Emirates,,,,,,ChIJvRKrsd9IXj4RpwoIwFYv0zM,8/22/2021,-6,17,-33,-25,-13,7,1076,2,309026
AE,United Arab Emirates,,,,,,ChIJvRKrsd9IXj4RpwoIwFYv0zM,8/23/2021,-8,15,-36,-28,-14,7,1060,4,290691
AE,United Arab Emirates,,,,,,ChIJvRKrsd9IXj4RpwoIwFYv0zM,8/24/2021,-7,16,-34,-27,-14,6,990,2,325118
AE,United Arab Emirates,,,,,,ChIJvRKrsd9IXj4RpwoIwFYv0zM,8/25/2021,-5,18,-36,-26,-13,6,983,2,334838
AE,United Arab Emirates,,,,,,ChIJvRKrsd9IXj4RpwoIwFYv0zM,8/26/2021,-4,20,-37,-25,-13,7,991,3,306873
AE,United Arab Emirates,,,,,,ChIJvRKrsd9IXj4RpwoIwFYv0zM,8/27/2021,-8,16,-47,-31,-5,6,994,4,300828
AE,United Arab Emirates,,,,,,ChIJvRKrsd9IXj4RpwoIwFYv0zM,8/28/2021,-4,22,-41,-26,-5,4,998,1,309312
AE,United Arab Emirates,,,,,,ChIJvRKrsd9IXj4RpwoIwFYv0zM,8/29/2021,0,26,-32,-22,-12,6,987,2,348771
AE,United Arab Emirates,,,,,,ChIJvRKrsd9IXj4RpwoIwFYv0zM,8/30/2021,-3,23,-34,-24,-13,6,993,1,321470
AE,United Arab Emirates,,,,,,ChIJvRKrsd9IXj4RpwoIwFYv0zM,8/31/2021,-2,25,-33,-23,-13,5,996,2,329146
AE,United Arab Emirates,,,,,,ChIJvRKrsd9IXj4RpwoIwFYv0zM,9/1/2021,0,27,-34,-22,-13,5,985,2,259569
AE,United Arab Emirates,,,,,,ChIJvRKrsd9IXj4RpwoIwFYv0zM,9/2/2021,0,26,-34,-22,-12,6,975,0,250240
AE,United Arab Emirates,,,,,,ChIJvRKrsd9IXj4RpwoIwFYv0zM,9/3/2021,-4,23,-43,-26,-6,6,978,1,299936
AE,United Arab Emirates,,,,,,ChIJvRKrsd9IXj4RpwoIwFYv0zM,9/4/2021,0,27,-37,-23,-6,4,984,1,335439
AE,United Arab Emirates,,,,,,ChIJvRKrsd9IXj4RpwoIwFYv0zM,9/5/2021,2,29,-29,-20,-12,5,971,1,302164
AE,United Arab Emirates,,,,,,ChIJvRKrsd9IXj4RpwoIwFYv0zM,9/6/2021,-1,25,-33,-22,-13,5,977,2,285614
AE,United Arab Emirates,,,,,,ChIJvRKrsd9IXj4RpwoIwFYv0zM,9/7/2021,-2,25,-32,-22,-13,5,952,2,314683
AE,United Arab Emirates,,,,,,ChIJvRKrsd9IXj4RpwoIwFYv0zM,9/8/2021,-1,25,-33,-22,-12,5,833,3,282015
AE,United Arab Emirates,,,,,,ChIJvRKrsd9IXj4RpwoIwFYv0zM,9/9/2021,0,26,-33,-21,-12,5,772,4,286017
AE,United Arab Emirates,,,,,,ChIJvRKrsd9IXj4RpwoIwFYv0zM,9/10/2021,-4,22,-42,-26,-7,6,744,3,268878
AE,United Arab Emirates,,,,,,ChIJvRKrsd9IXj4RpwoIwFYv0zM,9/11/2021,-1,25,-35,-22,-6,4,725,2,298919
AE,United Arab Emirates,,,,,,ChIJvRKrsd9IXj4RpwoIwFYv0zM,9/12/2021,2,28,-27,-18,-11,5,620,0,377394
AE,United Arab Emirates,,,,,,ChIJvRKrsd9IXj4RpwoIwFYv0zM,9/13/2021,-1,24,-30,-21,-12,5,632,2,314018
AE,United Arab Emirates,,,,,,ChIJvRKrsd9IXj4RpwoIwFYv0zM,9/14/2021,-1,25,-29,-21,-13,5,617,2,351718
AE,United Arab Emirates,,,,,,ChIJvRKrsd9IXj4RpwoIwFYv0zM,9/15/2021,0,26,-31,-20,-12,5,608,2,311171
AE,United Arab Emirates,,,,,,ChIJvRKrsd9IXj4RpwoIwFYv0zM,9/16/2021,1,26,-29,-17,-12,5,564,1,275823
AE,United Arab Emirates,,,,,,ChIJvRKrsd9IXj4RpwoIwFYv0zM,9/17/2021,-2,24,-39,-23,-8,6,521,2,334657
AE,United Arab Emirates,,,,,,ChIJvRKrsd9IXj4RpwoIwFYv0zM,9/18/2021,0,25,-34,-20,-7,4,471,2,354614
AE,United Arab Emirates,,,,,,ChIJvRKrsd9IXj4RpwoIwFYv0zM,9/19/2021,2,27,-25,-17,-11,5,391,2,368242
AE,United Arab Emirates,,,,,,ChIJvRKrsd9IXj4RpwoIwFYv0zM,9/20/2021,-1,24,-29,-18,-11,5,313,2,227935
AE,United Arab Emirates,,,,,,ChIJvRKrsd9IXj4RpwoIwFYv0zM,9/21/2021,-1,24,-27,-19,-11,5,322,1,340996
AE,United Arab Emirates,,,,,,ChIJvRKrsd9IXj4RpwoIwFYv0zM,9/22/2021,0,24,-28,-18,-8,5,318,2,318605
AE,United Arab Emirates,,,,,,ChIJvRKrsd9IXj4RpwoIwFYv0zM,9/23/2021,2,26,-24,-15,-8,5,329,3,282897
AE,United Arab Emirates,,,,,,ChIJvRKrsd9IXj4RpwoIwFYv0zM,9/24/2021,-1,22,-35,-20,-5,5,303,3,295983
AE,United Arab Emirates,,,,,,ChIJvRKrsd9IXj4RpwoIwFYv0zM,9/25/2021,1,25,-31,-16,-4,4,321,3,327300
AE,United Arab Emirates,,,,,,ChIJvRKrsd9IXj4RpwoIwFYv0zM,9/26/2021,4,29,-24,-13,-7,4,298,1,338923
AE,United Arab Emirates,,,,,,ChIJvRKrsd9IXj4RpwoIwFYv0zM,9/27/2021,3,28,-26,-15,-8,4,286,4,261852
AE,United Arab Emirates,,,,,,ChIJvRKrsd9IXj4RpwoIwFYv0zM,9/28/2021,3,29,-26,-15,-8,4,277,0,330693
AE,United Arab Emirates,,,,,,ChIJvRKrsd9IXj4RpwoIwFYv0zM,9/29/2021,5,31,-27,-14,-8,4,270,1,311669
AE,United Arab Emirates,,,,,,ChIJvRKrsd9IXj4RpwoIwFYv0zM,9/30/2021,7,32,-25,-9,-7,4,265,2,291055
AE,United Arab Emirates,,,,,,ChIJvRKrsd9IXj4RpwoIwFYv0zM,10/1/2021,6,32,-30,-9,-4,4,276,3,293853
AE,United Arab Emirates,,,,,,ChIJvRKrsd9IXj4RpwoIwFYv0zM,10/2/2021,8,36,-28,-8,-4,3,256,0,305131
AE,United Arab Emirates,,,,,,ChIJvRKrsd9IXj4RpwoIwFYv0zM,10/3/2021,10,38,-20,-6,-6,4,184,2,311282
AE,United Arab Emirates,,,,,,ChIJvRKrsd9IXj4RpwoIwFYv0zM,10/4/2021,7,34,-22,-9,-8,4,189,1,261502
AE,United Arab Emirates,,,,,,ChIJvRKrsd9IXj4RpwoIwFYv0zM,10/5/2021,6,34,-22,-9,-8,4,176,1,364265
AE,United Arab Emirates,,,,,,ChIJvRKrsd9IXj4RpwoIwFYv0zM,10/6/2021,7,34,-23,-9,-6,4,156,3,298908
AE,United Arab Emirates,,,,,,ChIJvRKrsd9IXj4RpwoIwFYv0zM,10/7/2021,8,33,-20,-6,-6,4,144,2,264452
AE,United Arab Emirates,,,,,,ChIJvRKrsd9IXj4RpwoIwFYv0zM,10/8/2021,6,32,-25,-6,-5,4,136,2,285453
AE,United Arab Emirates,,,,,,ChIJvRKrsd9IXj4RpwoIwFYv0zM,10/9/2021,8,34,-25,-6,-4,3,146,2,308740
AE,United Arab Emirates,,,,,,ChIJvRKrsd9IXj4RpwoIwFYv0zM,10/10/2021,10,37,-18,-3,-5,4,111,0,300887
AE,United Arab Emirates,,,,,,ChIJvRKrsd9IXj4RpwoIwFYv0zM,10/11/2021,7,34,-19,-5,-5,4,124,1,276637
AE,United Arab Emirates,,,,,,ChIJvRKrsd9IXj4RpwoIwFYv0zM,10/12/2021,7,35,-17,-6,-5,4,136,1,350115
AE,United Arab Emirates,,,,,,ChIJvRKrsd9IXj4RpwoIwFYv0zM,10/13/2021,8,35,-18,-6,-5,4,126,1,321515
AE,United Arab Emirates,,,,,,ChIJvRKrsd9IXj4RpwoIwFYv0zM,10/14/2021,9,35,-15,-4,-5,4,116,1,320554
AE,United Arab Emirates,,,,,,ChIJvRKrsd9IXj4RpwoIwFYv0zM,10/15/2021,6,31,-18,-2,-4,4,104,1,334150
AE,United Arab Emirates,,,,,,ChIJvRKrsd9IXj4RpwoIwFYv0zM,10/16/2021,8,34,-19,-3,-3,3,115,0,362508
AE,United Arab Emirates,,,,,,ChIJvRKrsd9IXj4RpwoIwFYv0zM,10/17/2021,12,38,-11,0,-6,4,99,2,317254
AE,United Arab Emirates,,,,,,ChIJvRKrsd9IXj4RpwoIwFYv0zM,10/18/2021,9,34,-13,-3,-7,4,104,0,258717
AE,United Arab Emirates,,,,,,ChIJvRKrsd9IXj4RpwoIwFYv0zM,10/19/2021,10,34,-12,-3,-8,4,122,2,327338
AE,United Arab Emirates,,,,,,ChIJvRKrsd9IXj4RpwoIwFYv0zM,10/20/2021,18,41,-6,3,-7,2,112,2,304976
AE,United Arab Emirates,,,,,,ChIJvRKrsd9IXj4RpwoIwFYv0zM,10/21/2021,16,44,18,-11,-56,17,94,2,271439
AE,United Arab Emirates,,,,,,ChIJvRKrsd9IXj4RpwoIwFYv0zM,10/22/2021,5,29,-6,-3,-5,3,88,2,279134
AE,United Arab Emirates,,,,,,ChIJvRKrsd9IXj4RpwoIwFYv0zM,10/23/2021,6,32,-14,-3,-2,3,84,1,299806
AE,United Arab Emirates,,,,,,ChIJvRKrsd9IXj4RpwoIwFYv0zM,10/24/2021,8,32,-12,-1,-4,4,94,1,230026
AE,United Arab Emirates,,,,,,ChIJvRKrsd9IXj4RpwoIwFYv0zM,10/25/2021,8,35,-12,-3,-4,4,97,1,281817
AE,United Arab Emirates,,,,,,ChIJvRKrsd9IXj4RpwoIwFYv0zM,10/26/2021,9,35,-11,-3,-4,4,90,3,352721
AE,United Arab Emirates,,,,,,ChIJvRKrsd9IXj4RpwoIwFYv0zM,10/27/2021,12,39,-11,-1,-3,3,95,1,295380
AE,United Arab Emirates,,,,,,ChIJvRKrsd9IXj4RpwoIwFYv0zM,10/28/2021,13,40,-5,0,-3,3,88,0,282773
AE,United Arab Emirates,,,,,,ChIJvRKrsd9IXj4RpwoIwFYv0zM,10/29/2021,10,35,-8,1,0,3,82,1,297148
AE,United Arab Emirates,,,,,,ChIJvRKrsd9IXj4RpwoIwFYv0zM,10/30/2021,13,41,-11,3,0,2,88,0,297441
AE,United Arab Emirates,,,,,,ChIJvRKrsd9IXj4RpwoIwFYv0zM,10/31/2021,17,45,-7,5,-2,3,81,0,287876
AE,United Arab Emirates,,,,,,ChIJvRKrsd9IXj4RpwoIwFYv0zM,11/1/2021,15,45,-9,2,-3,3,78,0,272261
AE,United Arab Emirates,,,,,,ChIJvRKrsd9IXj4RpwoIwFYv0zM,11/2/2021,17,48,-8,2,-3,3,74,1,315955
AE,United Arab Emirates,,,,,,ChIJvRKrsd9IXj4RpwoIwFYv0zM,11/3/2021,16,45,-8,3,-3,3,79,0,248337
AE,United Arab Emirates,,,,,,ChIJvRKrsd9IXj4RpwoIwFYv0zM,11/4/2021,18,45,-1,4,-6,5,73,0,212021
AE,United Arab Emirates,,,,,,ChIJvRKrsd9IXj4RpwoIwFYv0zM,11/5/2021,13,37,-3,2,-2,3,80,1,203988
AE,United Arab Emirates,,,,,,ChIJvRKrsd9IXj4RpwoIwFYv0zM,11/6/2021,14,40,-7,3,-1,3,73,1,281138
AE,United Arab Emirates,,,,,,ChIJvRKrsd9IXj4RpwoIwFYv0zM,11/7/2021,17,44,-2,7,-2,4,70,1,254696
AE,United Arab Emirates,,,,,,ChIJvRKrsd9IXj4RpwoIwFYv0zM,11/8/2021,14,40,-5,4,-3,4,68,2,223257
AE,United Arab Emirates,,,,,,ChIJvRKrsd9IXj4RpwoIwFYv0zM,11/9/2021,15,41,-2,3,-3,4,72,0,285711
AE,United Arab Emirates,,,,,,ChIJvRKrsd9IXj4RpwoIwFYv0zM,11/10/2021,16,42,-3,5,-2,3,75,0,278127
AE,United Arab Emirates,,,,,,ChIJvRKrsd9IXj4RpwoIwFYv0zM,11/11/2021,16,39,2,6,-2,4,82,0,246170
AE,United Arab Emirates,,,,,,ChIJvRKrsd9IXj4RpwoIwFYv0zM,11/12/2021,17,39,4,7,1,2,72,0,264815
AE,United Arab Emirates,,,,,,ChIJvRKrsd9IXj4RpwoIwFYv0zM,11/13/2021,16,40,-2,7,0,3,78,1,317823
AE,United Arab Emirates,,,,,,ChIJvRKrsd9IXj4RpwoIwFYv0zM,11/14/2021,19,43,2,12,-1,4,66,0,254300
AE,United Arab Emirates,,,,,,ChIJvRKrsd9IXj4RpwoIwFYv0zM,11/15/2021,16,41,-1,9,-2,4,61,1,230869
AE,United Arab Emirates,,,,,,ChIJvRKrsd9IXj4RpwoIwFYv0zM,11/16/2021,17,42,2,8,-2,4,68,0,365608
AE,United Arab Emirates,,,,,,ChIJvRKrsd9IXj4RpwoIwFYv0zM,11/17/2021,17,42,1,7,-2,4,74,0,337742
AE,United Arab Emirates,,,,,,ChIJvRKrsd9IXj4RpwoIwFYv0zM,11/18/2021,17,41,6,10,-2,4,66,0,291977
AE,United Arab Emirates,,,,,,ChIJvRKrsd9IXj4RpwoIwFYv0zM,11/19/2021,13,38,7,7,3,3,77,0,339318
AE,United Arab Emirates,,,,,,ChIJvRKrsd9IXj4RpwoIwFYv0zM,11/20/2021,14,39,0,7,3,3,79,0,325883
AE,United Arab Emirates,,,,,,ChIJvRKrsd9IXj4RpwoIwFYv0zM,11/21/2021,18,43,4,10,0,4,63,0,293964
AE,United Arab Emirates,,,,,,ChIJvRKrsd9IXj4RpwoIwFYv0zM,11/22/2021,15,40,1,6,-1,4,67,0,231122
AE,United Arab Emirates,,,,,,ChIJvRKrsd9IXj4RpwoIwFYv0zM,11/23/2021,15,41,2,5,-1,4,70,0,323348
AE,United Arab Emirates,,,,,,ChIJvRKrsd9IXj4RpwoIwFYv0zM,11/24/2021,17,42,2,6,0,4,73,1,290301
AE,United Arab Emirates,,,,,,ChIJvRKrsd9IXj4RpwoIwFYv0zM,11/25/2021,19,44,7,11,-1,4,77,0,284237
AE,United Arab Emirates,,,,,,ChIJvRKrsd9IXj4RpwoIwFYv0zM,11/26/2021,19,44,8,16,5,2,70,0,263429
AE,United Arab Emirates,,,,,,ChIJvRKrsd9IXj4RpwoIwFYv0zM,11/27/2021,20,45,2,12,5,2,68,0,294480
AE,United Arab Emirates,,,,,,ChIJvRKrsd9IXj4RpwoIwFYv0zM,11/28/2021,24,51,7,14,0,3,60,1,284985
AE,United Arab Emirates,,,,,,ChIJvRKrsd9IXj4RpwoIwFYv0zM,11/29/2021,22,46,5,11,-1,3,58,0,213168
AE,United Arab Emirates,,,,,,ChIJvRKrsd9IXj4RpwoIwFYv0zM,11/30/2021,30,56,14,16,-2,1,65,1,323406
AE,United Arab Emirates,,,,,,ChIJvRKrsd9IXj4RpwoIwFYv0zM,12/1/2021,42,74,60,5,-52,11,68,1,281355
AE,United Arab Emirates,,,,,,ChIJvRKrsd9IXj4RpwoIwFYv0zM,12/2/2021,30,55,86,4,-62,15,0,0,248038
AE,United Arab Emirates,,,,,,ChIJvRKrsd9IXj4RpwoIwFYv0zM,12/3/2021,15,38,20,11,1,1,54,0,235292
AE,United Arab Emirates,,,,,,ChIJvRKrsd9IXj4RpwoIwFYv0zM,12/4/2021,16,41,3,10,2,3,51,0,185406
AE,United Arab Emirates,,,,,,ChIJvRKrsd9IXj4RpwoIwFYv0zM,12/5/2021,22,50,7,15,0,4,114,0,191313
AE,United Arab Emirates,,,,,,ChIJvRKrsd9IXj4RpwoIwFYv0zM,12/6/2021,19,46,3,10,-1,4,48,1,307646
AE,United Arab Emirates,,,,,,ChIJvRKrsd9IXj4RpwoIwFYv0zM,12/7/2021,19,47,5,9,0,4,62,0,387672
AE,United Arab Emirates,,,,,,ChIJvRKrsd9IXj4RpwoIwFYv0zM,12/8/2021,22,48,6,10,2,4,69,0,355085
AE,United Arab Emirates,,,,,,ChIJvRKrsd9IXj4RpwoIwFYv0zM,12/9/2021,18,44,9,11,2,4,60,0,320857
AE,United Arab Emirates,,,,,,ChIJvRKrsd9IXj4RpwoIwFYv0zM,12/10/2021,14,41,12,10,11,3,74,2,305440
AE,United Arab Emirates,,,,,,ChIJvRKrsd9IXj4RpwoIwFYv0zM,12/11/2021,18,42,9,11,8,3,78,0,242454
AE,United Arab Emirates,,,,,,ChIJvRKrsd9IXj4RpwoIwFYv0zM,12/12/2021,25,50,18,14,-2,4,83,0,278933
AE,United Arab Emirates,,,,,,ChIJvRKrsd9IXj4RpwoIwFYv0zM,12/13/2021,21,46,10,10,-3,5,92,0,245149
AE,United Arab Emirates,,,,,,ChIJvRKrsd9IXj4RpwoIwFYv0zM,12/14/2021,21,47,12,10,-3,5,110,0,321306
AE,United Arab Emirates,,,,,,ChIJvRKrsd9IXj4RpwoIwFYv0zM,12/15/2021,22,48,11,11,-2,5,148,0,340100
AE,United Arab Emirates,,,,,,ChIJvRKrsd9IXj4RpwoIwFYv0zM,12/16/2021,20,45,12,11,-3,5,200,0,337670
AE,United Arab Emirates,,,,,,ChIJvRKrsd9IXj4RpwoIwFYv0zM,12/17/2021,16,41,16,11,12,2,234,0,332243
AE,United Arab Emirates,,,,,,ChIJvRKrsd9IXj4RpwoIwFYv0zM,12/18/2021,18,40,9,10,8,2,0,0,235367
AE,United Arab Emirates,,,,,,ChIJvRKrsd9IXj4RpwoIwFYv0zM,12/19/2021,24,49,15,12,-4,5,551,0,310797
AE,United Arab Emirates,,,,,,ChIJvRKrsd9IXj4RpwoIwFYv0zM,12/20/2021,21,45,12,8,-5,5,301,1,272115
AE,United Arab Emirates,,,,,,ChIJvRKrsd9IXj4RpwoIwFYv0zM,12/21/2021,21,46,14,7,-5,5,452,2,396090
AE,United Arab Emirates,,,,,,ChIJvRKrsd9IXj4RpwoIwFYv0zM,12/22/2021,23,48,12,8,-5,5,665,0,398972
AE,United Arab Emirates,,,,,,ChIJvRKrsd9IXj4RpwoIwFYv0zM,12/23/2021,20,49,13,8,-5,6,1002,0,365269
AE,United Arab Emirates,,,,,,ChIJvRKrsd9IXj4RpwoIwFYv0zM,12/24/2021,15,44,11,8,14,2,1352,1,361321
AE,United Arab Emirates,,,,,,ChIJvRKrsd9IXj4RpwoIwFYv0zM,12/25/2021,17,38,13,6,1,3,1621,1,339500
AE,United Arab Emirates,,,,,,ChIJvRKrsd9IXj4RpwoIwFYv0zM,12/26/2021,25,48,17,8,-7,6,1803,2,334211
AE,United Arab Emirates,,,,,,ChIJvRKrsd9IXj4RpwoIwFYv0zM,12/27/2021,23,46,16,5,-7,6,1732,1,325097
AE,United Arab Emirates,,,,,,ChIJvRKrsd9IXj4RpwoIwFYv0zM,12/28/2021,24,48,18,5,-8,6,1846,1,431482
AE,United Arab Emirates,,,,,,ChIJvRKrsd9IXj4RpwoIwFYv0zM,12/29/2021,26,51,16,5,-8,6,2234,0,448050
AE,United Arab Emirates,,,,,,ChIJvRKrsd9IXj4RpwoIwFYv0zM,12/30/2021,23,53,16,6,-8,7,2366,2,425682
AE,United Arab Emirates,,,,,,ChIJvRKrsd9IXj4RpwoIwFYv0zM,12/31/2021,15,45,23,11,15,2,2426,2,435593
AE,United Arab Emirates,,,,,,ChIJvRKrsd9IXj4RpwoIwFYv0zM,1/1/2022,14,36,11,-1,-43,11,2556,1,463616
AE,United Arab Emirates,,,,,,ChIJvRKrsd9IXj4RpwoIwFYv0zM,1/2/2022,28,63,13,-3,-37,15,2600,3,429564
AE,United Arab Emirates,,,,,,ChIJvRKrsd9IXj4RpwoIwFYv0zM,1/3/2022,15,45,-4,4,-3,8,2515,1,371384
AE,United Arab Emirates,,,,,,ChIJvRKrsd9IXj4RpwoIwFYv0zM,1/4/2022,15,47,-2,3,-5,8,2581,1,397766
AE,United Arab Emirates,,,,,,ChIJvRKrsd9IXj4RpwoIwFYv0zM,1/5/2022,14,45,-5,0,-5,9,2708,0,469028
AE,United Arab Emirates,,,,,,ChIJvRKrsd9IXj4RpwoIwFYv0zM,1/6/2022,5,35,-9,-4,-4,11,2687,0,405418
AE,United Arab Emirates,,,,,,ChIJvRKrsd9IXj4RpwoIwFYv0zM,1/7/2022,4,33,-17,9,138,-1,2627,0,384622
AE,United Arab Emirates,,,,,,ChIJvRKrsd9IXj4RpwoIwFYv0zM,1/8/2022,15,45,9,2,-4,7,2655,3,388572
AE,United Arab Emirates,,,,,,ChIJvRKrsd9IXj4RpwoIwFYv0zM,1/9/2022,22,62,16,-10,-45,17,2759,1,469401
AE,United Arab Emirates,,,,,,ChIJvRKrsd9IXj4RpwoIwFYv0zM,1/10/2022,10,42,-9,1,-6,9,2562,0,297077
AE,United Arab Emirates,,,,,,ChIJvRKrsd9IXj4RpwoIwFYv0zM,1/11/2022,10,43,-6,-2,-6,9,2511,3,292415
AE,United Arab Emirates,,,,,,ChIJvRKrsd9IXj4RpwoIwFYv0zM,1/12/2022,10,43,-6,-3,-6,10,2616,4,300893
AE,United Arab Emirates,,,,,,ChIJvRKrsd9IXj4RpwoIwFYv0zM,1/13/2022,2,33,-11,-6,-5,12,2683,1,307767
AE,United Arab Emirates,,,,,,ChIJvRKrsd9IXj4RpwoIwFYv0zM,1/14/2022,4,31,-15,9,144,-2,3068,3,424861
AE,United Arab Emirates,,,,,,ChIJvRKrsd9IXj4RpwoIwFYv0zM,1/15/2022,15,43,12,1,-4,6,3116,3,410949
AE,United Arab Emirates,,,,,,ChIJvRKrsd9IXj4RpwoIwFYv0zM,1/16/2022,20,55,9,-13,-48,18,3067,3,385950
AE,United Arab Emirates,,,,,,ChIJvRKrsd9IXj4RpwoIwFYv0zM,1/17/2022,10,39,-6,-1,-3,8,2989,4,346101
AE,United Arab Emirates,,,,,,ChIJvRKrsd9IXj4RpwoIwFYv0zM,1/18/2022,10,40,-3,-3,-3,8,2792,3,487749
AE,United Arab Emirates,,,,,,ChIJvRKrsd9IXj4RpwoIwFYv0zM,1/19/2022,13,41,-2,-2,-2,8,2902,2,518300
AE,United Arab Emirates,,,,,,ChIJvRKrsd9IXj4RpwoIwFYv0zM,1/20/2022,4,30,-5,-4,-1,11,3014,4,504831
AE,United Arab Emirates,,,,,,ChIJvRKrsd9IXj4RpwoIwFYv0zM,1/21/2022,3,25,-28,9,159,-2,2921,3,401356
AE,United Arab Emirates,,,,,,ChIJvRKrsd9IXj4RpwoIwFYv0zM,1/22/2022,20,44,12,2,0,6,3020,4,471588
AE,United Arab Emirates,,,,,,ChIJvRKrsd9IXj4RpwoIwFYv0zM,1/23/2022,27,61,22,-9,-46,17,2813,3,517107
AE,United Arab Emirates,,,,,,ChIJvRKrsd9IXj4RpwoIwFYv0zM,1/24/2022,13,38,-6,3,3,7,2629,5,499001
AE,United Arab Emirates,,,,,,ChIJvRKrsd9IXj4RpwoIwFYv0zM,1/25/2022,14,42,-1,3,2,7,2504,5,563330
AE,United Arab Emirates,,,,,,ChIJvRKrsd9IXj4RpwoIwFYv0zM,1/26/2022,16,43,-3,4,2,7,2369,4,500146
AE,United Arab Emirates,,,,,,ChIJvRKrsd9IXj4RpwoIwFYv0zM,1/27/2022,8,34,-7,0,4,9,2638,4,528426
AE,United Arab Emirates,,,,,,ChIJvRKrsd9IXj4RpwoIwFYv0zM,1/28/2022,12,35,-11,17,176,-5,2545,2,490562
AE,United Arab Emirates,,,,,,ChIJvRKrsd9IXj4RpwoIwFYv0zM,1/29/2022,25,51,19,8,3,4,2355,5,485322
AE,United Arab Emirates,,,,,,ChIJvRKrsd9IXj4RpwoIwFYv0zM,1/30/2022,33,70,27,-5,-45,15,2291,1,459244
AE,United Arab Emirates,,,,,,ChIJvRKrsd9IXj4RpwoIwFYv0zM,1/31/2022,18,47,-3,7,6,5,2028,3,492099
AE,United Arab Emirates,,,,,,ChIJvRKrsd9IXj4RpwoIwFYv0zM,2/1/2022,19,50,1,7,5,5,2084,5,499836
AE,United Arab Emirates,,,,,,ChIJvRKrsd9IXj4RpwoIwFYv0zM,2/2/2022,20,51,-1,7,6,6,2163,3,497827
AE,United Arab Emirates,,,,,,ChIJvRKrsd9IXj4RpwoIwFYv0zM,2/3/2022,10,38,-6,4,7,8,2232,2,491658
AE,United Arab Emirates,,,,,,ChIJvRKrsd9IXj4RpwoIwFYv0zM,2/4/2022,13,38,-9,22,184,-5,2114,5,486936
AE,United Arab Emirates,,,,,,ChIJvRKrsd9IXj4RpwoIwFYv0zM,2/5/2022,27,52,24,12,3,4,1991,4,488153
AE,United Arab Emirates,,,,,,ChIJvRKrsd9IXj4RpwoIwFYv0zM,2/6/2022,34,71,30,-2,-46,15,2015,2,502390
AE,United Arab Emirates,,,,,,ChIJvRKrsd9IXj4RpwoIwFYv0zM,2/7/2022,18,45,-2,10,7,5,1704,1,473298
AE,United Arab Emirates,,,,,,ChIJvRKrsd9IXj4RpwoIwFYv0zM,2/8/2022,19,47,3,8,6,5,1615,4,482477
AE,United Arab Emirates,,,,,,ChIJvRKrsd9IXj4RpwoIwFYv0zM,2/9/2022,20,47,2,7,7,5,1538,4,477945
AE,United Arab Emirates,,,,,,ChIJvRKrsd9IXj4RpwoIwFYv0zM,2/10/2022,11,37,-2,6,7,8,1588,5,527913
AE,United Arab Emirates,,,,,,ChIJvRKrsd9IXj4RpwoIwFYv0zM,2/11/2022,15,37,-5,26,186,-6,1474,5,495628
AE,United Arab Emirates,,,,,,ChIJvRKrsd9IXj4RpwoIwFYv0zM,2/12/2022,29,51,28,17,4,3,1395,1,480766
AE,United Arab Emirates,,,,,,ChIJvRKrsd9IXj4RpwoIwFYv0zM,2/13/2022,38,72,39,4,-46,15,1266,1,454763
AE,United Arab Emirates,,,,,,ChIJvRKrsd9IXj4RpwoIwFYv0zM,2/14/2022,26,50,9,17,7,4,1191,2,389858
AE,United Arab Emirates,,,,,,ChIJvRKrsd9IXj4RpwoIwFYv0zM,2/15/2022,22,48,12,15,6,5,930,1,370617
AE,United Arab Emirates,,,,,,ChIJvRKrsd9IXj4RpwoIwFYv0zM,2/16/2022,22,48,9,15,7,5,957,1,365306
AE,United Arab Emirates,,,,,,ChIJvRKrsd9IXj4RpwoIwFYv0zM,2/17/2022,12,36,3,11,8,8,895,1,408075
AE,United Arab Emirates,,,,,,ChIJvRKrsd9IXj4RpwoIwFYv0zM,2/18/2022,15,35,-2,30,188,-6,882,2,398902
AE,United Arab Emirates,,,,,,ChIJvRKrsd9IXj4RpwoIwFYv0zM,2/19/2022,26,49,34,19,6,3,790,1,388495
AE,United Arab Emirates,,,,,,ChIJvRKrsd9IXj4RpwoIwFYv0zM,2/20/2022,33,68,41,4,-45,15,725,1,338195
AE,United Arab Emirates,,,,,,ChIJvRKrsd9IXj4RpwoIwFYv0zM,2/21/2022,17,42,4,15,10,5,651,2,410158
AE,United Arab Emirates,,,,,,ChIJvRKrsd9IXj4RpwoIwFYv0zM,2/22/2022,19,44,10,14,10,5,626,1,470793
AE,United Arab Emirates,,,,,,ChIJvRKrsd9IXj4RpwoIwFYv0zM,2/23/2022,19,43,8,13,11,5,740,1,461925
AE,United Arab Emirates,,,,,,ChIJvRKrsd9IXj4RpwoIwFYv0zM,2/24/2022,10,32,2,11,12,7,782,1,474340
AE,United Arab Emirates,,,,,,ChIJvRKrsd9IXj4RpwoIwFYv0zM,2/25/2022,15,34,-2,33,198,-6,696,1,430359
AE,United Arab Emirates,,,,,,ChIJvRKrsd9IXj4RpwoIwFYv0zM,2/26/2022,29,50,32,23,7,3,644,1,447829
AE,United Arab Emirates,,,,,,ChIJvRKrsd9IXj4RpwoIwFYv0zM,2/27/2022,36,70,39,9,-44,14,622,0,452997
AE,United Arab Emirates,,,,,,ChIJvRKrsd9IXj4RpwoIwFYv0zM,2/28/2022,22,50,7,21,12,3,605,0,417532
AE,United Arab Emirates,,,,,,ChIJvRKrsd9IXj4RpwoIwFYv0zM,3/1/2022,23,53,12,23,11,4,478,0,420289
AE,United Arab Emirates,,,,,,ChIJvRKrsd9IXj4RpwoIwFYv0zM,3/2/2022,24,53,10,23,12,4,519,0,430493
AE,United Arab Emirates,,,,,,ChIJvRKrsd9IXj4RpwoIwFYv0zM,3/3/2022,15,39,7,18,12,6,502,0,386656
AE,United Arab Emirates,,,,,,ChIJvRKrsd9IXj4RpwoIwFYv0zM,3/4/2022,19,37,1,41,200,-6,447,0,370472
AE,United Arab Emirates,,,,,,ChIJvRKrsd9IXj4RpwoIwFYv0zM,3/5/2022,32,51,40,32,7,3,558,0,418038
AE,United Arab Emirates,,,,,,ChIJvRKrsd9IXj4RpwoIwFYv0zM,3/6/2022,39,69,46,16,-45,14,407,0,399776
AE,United Arab Emirates,,,,,,ChIJvRKrsd9IXj4RpwoIwFYv0zM,3/7/2022,21,45,12,24,13,4,386,1,301287
AE,United Arab Emirates,,,,,,ChIJvRKrsd9IXj4RpwoIwFYv0zM,3/8/2022,22,45,14,23,12,5,323,0,302508
AE,United Arab Emirates,,,,,,ChIJvRKrsd9IXj4RpwoIwFYv0zM,3/9/2022,21,45,15,22,13,5,392,0,377585
AE,United Arab Emirates,,,,,,ChIJvRKrsd9IXj4RpwoIwFYv0zM,3/10/2022,11,32,11,18,14,8,369,0,372764
AE,United Arab Emirates,,,,,,ChIJvRKrsd9IXj4RpwoIwFYv0zM,3/11/2022,15,32,2,43,202,-5,382,0,332599
AE,United Arab Emirates,,,,,,ChIJvRKrsd9IXj4RpwoIwFYv0zM,3/12/2022,28,46,39,35,7,4,353,0,302346
AE,United Arab Emirates,,,,,,ChIJvRKrsd9IXj4RpwoIwFYv0zM,3/13/2022,35,65,47,19,-45,15,318,0,341261
AE,United Arab Emirates,,,,,,ChIJvRKrsd9IXj4RpwoIwFYv0zM,3/14/2022,19,41,15,26,14,5,296,0,254597
AE,United Arab Emirates,,,,,,ChIJvRKrsd9IXj4RpwoIwFYv0zM,3/15/2022,20,43,18,25,13,5,280,0,345206
AE,United Arab Emirates,,,,,,ChIJvRKrsd9IXj4RpwoIwFYv0zM,3/16/2022,21,43,15,25,14,5,318,0,373822
AE,United Arab Emirates,,,,,,ChIJvRKrsd9IXj4RpwoIwFYv0zM,3/17/2022,10,30,9,19,14,8,386,0,376447
AE,United Arab Emirates,,,,,,ChIJvRKrsd9IXj4RpwoIwFYv0zM,3/18/2022,12,30,6,45,201,-5,331,0,332323
AE,United Arab Emirates,,,,,,ChIJvRKrsd9IXj4RpwoIwFYv0zM,3/19/2022,26,43,39,35,8,4,367,0,304600
AE,United Arab Emirates,,,,,,ChIJvRKrsd9IXj4RpwoIwFYv0zM,3/20/2022,32,60,57,21,-44,15,347,0,332605
AE,United Arab Emirates,,,,,,ChIJvRKrsd9IXj4RpwoIwFYv0zM,3/21/2022,19,39,17,27,14,5,338,0,251465
AE,United Arab Emirates,,,,,,ChIJvRKrsd9IXj4RpwoIwFYv0zM,3/22/2022,19,40,20,26,13,6,316,0,319488
AE,United Arab Emirates,,,,,,ChIJvRKrsd9IXj4RpwoIwFYv0zM,3/23/2022,19,40,19,25,14,6,332,0,327250
AE,United Arab Emirates,,,,,,ChIJvRKrsd9IXj4RpwoIwFYv0zM,3/24/2022,10,29,17,23,14,8,390,0,315335
AE,United Arab Emirates,,,,,,ChIJvRKrsd9IXj4RpwoIwFYv0zM,3/25/2022,14,30,4,47,202,-6,348,0,275579
AE,United Arab Emirates,,,,,,ChIJvRKrsd9IXj4RpwoIwFYv0zM,3/26/2022,29,45,39,39,9,3,341,0,321784
AE,United Arab Emirates,,,,,,ChIJvRKrsd9IXj4RpwoIwFYv0zM,3/27/2022,38,62,56,26,-44,14,315,0,312548
AE,United Arab Emirates,,,,,,ChIJvRKrsd9IXj4RpwoIwFYv0zM,3/28/2022,23,42,21,32,9,5,286,0,229355
AE,United Arab Emirates,,,,,,ChIJvRKrsd9IXj4RpwoIwFYv0zM,3/29/2022,24,44,25,30,8,5,301,0,300191
AE,United Arab Emirates,,,,,,ChIJvRKrsd9IXj4RpwoIwFYv0zM,3/30/2022,25,46,22,30,9,5,288,0,308848
AE,United Arab Emirates,,,,,,ChIJvRKrsd9IXj4RpwoIwFYv0zM,3/31/2022,14,35,21,29,9,7,313,0,323104
AE,United Arab Emirates,,,,,,ChIJvRKrsd9IXj4RpwoIwFYv0zM,4/1/2022,17,46,-8,42,194,-6,288,0,295915
AE,United Arab Emirates,,,,,,ChIJvRKrsd9IXj4RpwoIwFYv0zM,4/2/2022,7,51,-4,13,6,10,284,0,298820
AE,United Arab Emirates,,,,,,ChIJvRKrsd9IXj4RpwoIwFYv0zM,4/3/2022,14,62,6,-2,-46,21,298,0,282125
AE,United Arab Emirates,,,,,,ChIJvRKrsd9IXj4RpwoIwFYv0zM,4/4/2022,7,43,1,12,8,12,300,0,183491
AE,United Arab Emirates,,,,,,ChIJvRKrsd9IXj4RpwoIwFYv0zM,4/5/2022,8,44,3,10,7,12,244,0,192574
AE,United Arab Emirates,,,,,,ChIJvRKrsd9IXj4RpwoIwFYv0zM,4/6/2022,8,44,1,9,7,12,215,0,230104
AE,United Arab Emirates,,,,,,ChIJvRKrsd9IXj4RpwoIwFYv0zM,4/7/2022,-1,31,-5,4,8,15,143,0,264300
AE,United Arab Emirates,,,,,,ChIJvRKrsd9IXj4RpwoIwFYv0zM,4/8/2022,2,32,-17,26,187,0,240,0,242463
AE,United Arab Emirates,,,,,,ChIJvRKrsd9IXj4RpwoIwFYv0zM,4/9/2022,13,45,5,15,7,9,226,0,241982
AE,United Arab Emirates,,,,,,ChIJvRKrsd9IXj4RpwoIwFYv0zM,4/10/2022,18,61,11,1,-45,20,224,0,233862
AE,United Arab Emirates,,,,,,ChIJvRKrsd9IXj4RpwoIwFYv0zM,4/11/2022,10,43,3,14,12,11,208,0,207875
AE,United Arab Emirates,,,,,,ChIJvRKrsd9IXj4RpwoIwFYv0zM,4/12/2022,10,44,5,11,11,12,216,0,296483
AE,United Arab Emirates,,,,,,ChIJvRKrsd9IXj4RpwoIwFYv0zM,4/13/2022,12,45,2,11,11,12,337,0,298981
AE,United Arab Emirates,,,,,,ChIJvRKrsd9IXj4RpwoIwFYv0zM,4/14/2022,3,34,-4,7,12,14,256,0,285495
AE,United Arab Emirates,,,,,,ChIJvRKrsd9IXj4RpwoIwFYv0zM,4/15/2022,5,30,-16,27,186,0,239,0,256333
AE,United Arab Emirates,,,,,,ChIJvRKrsd9IXj4RpwoIwFYv0zM,4/16/2022,16,43,6,16,8,9,246,0,263717
AE,United Arab Emirates,,,,,,ChIJvRKrsd9IXj4RpwoIwFYv0zM,4/17/2022,21,58,13,1,-46,20,201,0,265321
AE,United Arab Emirates,,,,,,ChIJvRKrsd9IXj4RpwoIwFYv0zM,4/18/2022,10,40,4,12,13,11,198,0,243662
AE,United Arab Emirates,,,,,,ChIJvRKrsd9IXj4RpwoIwFYv0zM,4/19/2022,9,41,6,9,13,12,229,0,272856
AE,United Arab Emirates,,,,,,ChIJvRKrsd9IXj4RpwoIwFYv0zM,4/20/2022,9,41,3,10,13,12,249,0,327724
AE,United Arab Emirates,,,,,,ChIJvRKrsd9IXj4RpwoIwFYv0zM,4/21/2022,0,29,-4,5,15,14,231,0,292567
AE,United Arab Emirates,,,,,,ChIJvRKrsd9IXj4RpwoIwFYv0zM,4/22/2022,4,29,-17,26,200,0,259,0,264970
AE,United Arab Emirates,,,,,,ChIJvRKrsd9IXj4RpwoIwFYv0zM,4/23/2022,14,41,4,14,9,9,261,0,274597
AE,United Arab Emirates,,,,,,ChIJvRKrsd9IXj4RpwoIwFYv0zM,4/24/2022,20,56,8,-2,-44,21,244,0,277385
AE,United Arab Emirates,,,,,,ChIJvRKrsd9IXj4RpwoIwFYv0zM,4/25/2022,11,41,-2,13,14,11,215,0,279109
AE,United Arab Emirates,,,,,,ChIJvRKrsd9IXj4RpwoIwFYv0zM,4/26/2022,13,44,-1,14,13,11,207,0,211178
AE,United Arab Emirates,,,,,,ChIJvRKrsd9IXj4RpwoIwFYv0zM,4/27/2022,15,47,-1,15,13,11,212,0,244445
AE,United Arab Emirates,,,,,,ChIJvRKrsd9IXj4RpwoIwFYv0zM,4/28/2022,8,38,-7,12,13,13,275,0,282907
AE,United Arab Emirates,,,,,,ChIJvRKrsd9IXj4RpwoIwFYv0zM,4/29/2022,13,41,-20,40,198,-2,265,0,232493
AE,United Arab Emirates,,,,,,ChIJvRKrsd9IXj4RpwoIwFYv0zM,4/30/2022,27,59,4,26,-4,8,261,0,254436
AE,United Arab Emirates,,,,,,ChIJvRKrsd9IXj4RpwoIwFYv0zM,5/1/2022,45,91,27,15,-54,18,240,0,231652
AE,United Arab Emirates,,,,,,ChIJvRKrsd9IXj4RpwoIwFYv0zM,5/2/2022,46,64,111,25,-65,14,222,0,181334
AE,United Arab Emirates,,,,,,ChIJvRKrsd9IXj4RpwoIwFYv0zM,5/3/2022,42,56,93,14,-62,16,209,0,154855
AE,United Arab Emirates,,,,,,ChIJvRKrsd9IXj4RpwoIwFYv0zM,5/4/2022,30,48,41,5,-46,16,199,0,88359
AE,United Arab Emirates,,,,,,ChIJvRKrsd9IXj4RpwoIwFYv0zM,5/5/2022,10,27,4,6,-6,12,196,0,203719
AE,United Arab Emirates,,,,,,ChIJvRKrsd9IXj4RpwoIwFYv0zM,5/6/2022,8,24,-13,24,162,-2,198,0,102626
AE,United Arab Emirates,,,,,,ChIJvRKrsd9IXj4RpwoIwFYv0zM,5/7/2022,20,38,5,18,9,6,191,0,170219
AE,United Arab Emirates,,,,,,ChIJvRKrsd9IXj4RpwoIwFYv0zM,5/8/2022,24,58,12,5,-45,18,225,0,195790
AE,United Arab Emirates,,,,,,ChIJvRKrsd9IXj4RpwoIwFYv0zM,5/9/2022,12,36,-2,19,14,6,233,0,205169
AE,United Arab Emirates,,,,,,ChIJvRKrsd9IXj4RpwoIwFYv0zM,5/10/2022,14,39,2,18,13,6,280,0,366233
AE,United Arab Emirates,,,,,,ChIJvRKrsd9IXj4RpwoIwFYv0zM,5/11/2022,15,39,0,16,13,7,312,0,358982
AE,United Arab Emirates,,,,,,ChIJvRKrsd9IXj4RpwoIwFYv0zM,5/12/2022,5,26,-5,11,14,9,364,0,268888
AE,United Arab Emirates,,,,,,ChIJvRKrsd9IXj4RpwoIwFYv0zM,5/13/2022,8,28,-14,32,205,-4,369,0,227280
AE,United Arab Emirates,,,,,,ChIJvRKrsd9IXj4RpwoIwFYv0zM,5/14/2022,15,41,12,8,-30,14,352,0,220124
AE,United Arab Emirates,,,,,,ChIJvRKrsd9IXj4RpwoIwFYv0zM,5/15/2022,28,58,33,4,-58,21,323,0,202745
AE,United Arab Emirates,,,,,,ChIJvRKrsd9IXj4RpwoIwFYv0zM,5/16/2022,16,47,7,-3,-44,21,319,0,124534
AE,United Arab Emirates,,,,,,ChIJvRKrsd9IXj4RpwoIwFYv0zM,5/17/2022,11,33,-3,16,15,6,281,0,139440
AE,United Arab Emirates,,,,,,ChIJvRKrsd9IXj4RpwoIwFYv0zM,5/18/2022,13,36,-5,16,14,7,298,0,208015
AE,United Arab Emirates,,,,,,ChIJvRKrsd9IXj4RpwoIwFYv0zM,5/19/2022,4,24,-7,11,15,9,349,0,242793
AE,United Arab Emirates,,,,,,ChIJvRKrsd9IXj4RpwoIwFYv0zM,5/20/2022,8,24,-16,33,209,-4,362,0,258009
AE,United Arab Emirates,,,,,,ChIJvRKrsd9IXj4RpwoIwFYv0zM,5/21/2022,21,37,7,19,10,6,373,0,251841
AE,United Arab Emirates,,,,,,ChIJvRKrsd9IXj4RpwoIwFYv0zM,5/22/2022,26,55,15,3,-45,19,364,0,232385
AE,United Arab Emirates,,,,,,ChIJvRKrsd9IXj4RpwoIwFYv0zM,5/23/2022,13,33,-1,17,15,7,321,0,167861
AE,United Arab Emirates,,,,,,ChIJvRKrsd9IXj4RpwoIwFYv0zM,5/24/2022,12,33,-5,17,14,7,317,0,221440
AE,United Arab Emirates,,,,,,ChIJvRKrsd9IXj4RpwoIwFYv0zM,5/25/2022,14,37,-3,16,14,7,373,0,238458
AE,United Arab Emirates,,,,,,ChIJvRKrsd9IXj4RpwoIwFYv0zM,5/26/2022,7,28,-5,11,15,9,395,0,252836
AE,United Arab Emirates,,,,,,ChIJvRKrsd9IXj4RpwoIwFYv0zM,5/27/2022,13,30,-15,38,210,-5,403,0,236283
AE,United Arab Emirates,,,,,,ChIJvRKrsd9IXj4RpwoIwFYv0zM,5/28/2022,28,46,9,26,11,5,430,0,232901
AE,United Arab Emirates,,,,,,ChIJvRKrsd9IXj4RpwoIwFYv0zM,5/29/2022,32,65,14,10,-45,17,372,2,196359
AE,United Arab Emirates,,,,,,ChIJvRKrsd9IXj4RpwoIwFYv0zM,5/30/2022,17,41,0,20,16,6,383,1,151541
AE,United Arab Emirates,,,,,,ChIJvRKrsd9IXj4RpwoIwFYv0zM,5/31/2022,19,45,1,20,15,6,381,0,205134
AE,United Arab Emirates,,,,,,ChIJvRKrsd9IXj4RpwoIwFYv0zM,6/1/2022,19,46,-1,20,15,6,442,0,231962
AE,United Arab Emirates,,,,,,ChIJvRKrsd9IXj4RpwoIwFYv0zM,6/2/2022,9,33,-7,16,15,9,575,0,242364
AE,United Arab Emirates,,,,,,ChIJvRKrsd9IXj4RpwoIwFYv0zM,6/3/2022,15,33,-17,38,209,-4,593,0,231286
AE,United Arab Emirates,,,,,,ChIJvRKrsd9IXj4RpwoIwFYv0zM,6/4/2022,29,48,6,27,10,6,523,0,231286
AE,United Arab Emirates,,,,,,ChIJvRKrsd9IXj4RpwoIwFYv0zM,6/5/2022,34,67,13,10,-46,17,597,0,231541
AE,United Arab Emirates,,,,,,ChIJvRKrsd9IXj4RpwoIwFYv0zM,6/6/2022,16,40,-2,22,15,6,579,0,175759
AE,United Arab Emirates,,,,,,ChIJvRKrsd9IXj4RpwoIwFYv0zM,6/7/2022,16,41,0,21,14,7,572,0,256606
AE,United Arab Emirates,,,,,,ChIJvRKrsd9IXj4RpwoIwFYv0zM,6/8/2022,16,42,-2,19,14,8,867,0,279163
AE,United Arab Emirates,,,,,,ChIJvRKrsd9IXj4RpwoIwFYv0zM,6/9/2022,7,30,-8,15,15,10,1031,0,286851
AE,United Arab Emirates,,,,,,ChIJvRKrsd9IXj4RpwoIwFYv0zM,6/10/2022,11,30,-20,37,209,-3,1084,0,247277
AE,United Arab Emirates,,,,,,ChIJvRKrsd9IXj4RpwoIwFYv0zM,6/11/2022,25,46,3,26,10,7,1179,0,253991
AE,United Arab Emirates,,,,,,ChIJvRKrsd9IXj4RpwoIwFYv0zM,6/12/2022,29,63,9,9,-46,19,1249,0,244931
AE,United Arab Emirates,,,,,,ChIJvRKrsd9IXj4RpwoIwFYv0zM,6/13/2022,14,39,-4,22,15,7,1319,0,180075
AE,United Arab Emirates,,,,,,ChIJvRKrsd9IXj4RpwoIwFYv0zM,6/14/2022,14,40,-3,19,14,8,1356,0,239305
AE,United Arab Emirates,,,,,,ChIJvRKrsd9IXj4RpwoIwFYv0zM,6/15/2022,15,41,-5,20,13,8,1395,0,267653
AE,United Arab Emirates,,,,,,ChIJvRKrsd9IXj4RpwoIwFYv0zM,6/16/2022,7,29,-12,15,14,10,1435,1,311742
AE,United Arab Emirates,,,,,,ChIJvRKrsd9IXj4RpwoIwFYv0zM,6/17/2022,9,28,-23,35,206,-3,1433,0,382308
AE,United Arab Emirates,,,,,,ChIJvRKrsd9IXj4RpwoIwFYv0zM,6/18/2022,22,42,-6,23,10,7,1464,2,324877
AE,United Arab Emirates,,,,,,ChIJvRKrsd9IXj4RpwoIwFYv0zM,6/19/2022,26,59,0,6,-46,20,1489,1,324266
AE,United Arab Emirates,,,,,,ChIJvRKrsd9IXj4RpwoIwFYv0zM,6/20/2022,13,36,-9,21,14,8,1532,0,247059
AE,United Arab Emirates,,,,,,ChIJvRKrsd9IXj4RpwoIwFYv0zM,6/21/2022,14,37,-6,18,13,8,1556,0,275317
AE,United Arab Emirates,,,,,,ChIJvRKrsd9IXj4RpwoIwFYv0zM,6/22/2022,13,37,-9,17,13,9,1592,0,318906
